ID NO,Name,Date,Venue,Region,State,Oppose/Support,Party Affiliation,IDNO,Name,Month,Day ,Year,WC,WPS,Sixltr,Dic,funct,pronoun,ppron,i,we,you,shehe,they,ipron,article,verb,auxverb,past,present,future,adverb,preps,conj,negate,quant,number,swear,social,family,friend,humans,affect,posemo,negemo,anx,anger,sad,cogmech,insight,cause,discrep,tentat,certain,inhib,incl,excl,percept,see,hear,feel,bio,body,health,sexual,ingest,relativ,motion,space,time,work,achieve,leisure,home,money,relig,death,assent,nonfl,filler,Period,Comma,Colon,SemiC,QMark,Exclam,Dash,Quote,Apostro,Parenth,OtherP,AllPct
7031,Abercrombie,4/27/1999,House,Kosovo,HI,0,D,7031,Abercrombie,4,27,99,1571,44.89,23.11,81.86,59.33,14.07,6.17,2.16,3.25,0.06,0.45,0.25,7.89,8.91,12.6,8.59,1.34,8.08,1.72,3.37,15.91,6.81,1.59,2.04,0.13,0,7.96,0,0.45,1.02,4.96,4.07,0.7,0.06,0.45,0.19,19.99,3.25,1.91,1.78,3.88,1.46,0.7,5.28,4.33,1.02,0.25,0.64,0.13,0.25,0.13,0.13,0,0,9.74,0.95,5.41,3.06,2.48,2.74,0.25,0.13,0.19,0.13,0.13,0.06,0.13,0,2.1,6.49,0,0.06,0.13,0,0.45,0,0.06,0.06,0,9.42
7170,Allen,4/28/1999,House,Kosovo,ME,1,D,7170,Allen,4,28,99,238,12.53,24.37,78.57,51.68,11.76,5.88,0.84,5.04,0,0,0,5.88,5.46,13.03,9.66,1.68,7.14,1.68,1.68,13.45,4.2,2.52,3.36,0.42,0.42,7.14,0,0,1.26,5.88,3.36,2.52,0.84,0.42,1.26,18.91,1.68,2.52,2.52,2.1,1.26,2.94,3.78,2.94,1.26,0.42,0.84,0,0.84,0.84,0,0,0,10.08,0.84,3.36,5.04,4.2,4.2,0,0.42,0,0,1.26,0,0.42,0,7.98,5.46,0,0,0,0,0,0,1.68,0,0,15.13
7099,Andrews,4/28/1999,House,Kosovo,NJ,1,D,7099,Andrews,4,28,99,189,21,20.63,86.77,59.26,16.93,7.94,4.23,3.17,0,0.53,0,8.99,8.47,12.7,11.11,0,11.11,1.06,2.65,14.29,4.23,2.65,2.12,0.53,0,10.58,0,0.53,2.12,5.29,1.06,4.23,2.65,0.53,0.53,21.16,4.76,1.06,0.53,4.76,0.53,1.06,6.35,2.65,3.17,0.53,2.12,0.53,1.06,0,0.53,0,0.53,6.88,0,4.76,2.12,0.53,1.59,0,0,0,0.53,1.06,0,0,0,4.76,6.88,0,0,0,0,0.53,0,0,0,0,12.17
7103,Armey,4/28/1999,House,Kosovo,TX,0,R,7103,Armey,4,28,99,666,22.97,23.12,83.18,56.16,14.11,8.41,0.45,4.35,1.2,1.05,1.35,5.71,7.96,12.76,7.96,1.8,7.81,1.65,2.7,15.02,7.36,1.05,0.75,0.9,0,14.41,0.45,0,2.55,7.36,3.6,3.45,1.35,0.45,1.35,19.67,1.5,1.8,3.15,2.7,1.65,0.3,8.86,2.55,1.2,0.15,0.9,0.15,0.15,0,0.15,0,0,12.16,1.5,5.56,4.95,3.75,3.3,0.45,0.3,0,0,0.15,0,0.3,0,4.35,6.31,0,0.15,0.3,0,0,0,0.9,0,0.6,12.61
7159,Bachus,4/28/1999,House,Kosovo,AL,0,R,7159,Bachus,4,28,99,190,14.62,24.74,79.47,55.79,10.53,4.74,1.58,2.11,0,0,1.05,5.79,8.42,8.95,7.89,1.05,7.37,0,2.11,14.74,7.89,3.16,3.68,0,0.53,6.84,0,0,1.58,9.47,1.05,8.42,1.05,6.32,0.53,17.37,2.11,3.16,0,1.05,1.58,1.58,6.84,2.63,1.05,0,1.05,0,0,0,0,0,0,10.53,0,7.37,3.16,1.05,1.05,0,0,0,0.53,3.68,0,0,0,7.89,6.84,0,0,0,0,1.05,0,0,0,0,15.79
7080,Baldwin,4/28/1999,House,Kosovo,WI,0,D,7080,Baldwin,4,28,99,469,16.17,31.13,71.86,49.68,11.09,7.25,3.62,2.77,0.43,0.21,0.21,3.84,6.4,9.38,6.61,1.71,4.26,1.49,2.13,15.35,4.69,1.49,2.77,1.71,0,6.18,0.21,0,1.28,6.61,3.62,2.99,0,1.92,0.43,14.07,2.56,1.07,1.92,1.71,1.49,0.64,4.05,2.56,0.85,0.43,0.43,0,0.21,0,0,0.21,0,10.23,0.43,5.33,4.48,2.35,3.41,0.43,0.43,0.43,0.21,1.07,0,0,0.21,8.1,4.26,0,0.64,0,0,0.85,0,0.64,0,0,14.5
7120,Ballenger,4/28/1999,House,Kosovo,NC,0,R,7120,Ballenger,4,28,99,220,22,33.64,70.91,45.45,8.64,4.09,3.18,0,0,0.91,0,4.55,7.73,6.36,4.55,0.91,5,0.45,3.18,15,4.55,1.82,0.45,2.73,0,5.45,0,0,1.36,4.09,3.18,0.91,0,0.45,0.45,12.27,0,2.73,0.45,0.91,2.73,1.82,2.73,2.27,1.82,0,1.82,0,0,0,0,0,0,12.27,2.73,4.55,5,3.18,2.73,0,0,1.36,0,0.45,0.45,0,0,9.55,5.45,0,0,0,0,0.91,0,0.45,0,0,16.36
7146,Barr,4/28/1999,House,Kosovo,GA,0,R,7146,Barr,4,28,99,185,20.56,24.32,81.08,53.51,14.05,7.57,1.62,1.62,3.24,1.08,0,6.49,4.32,10.81,5.41,1.08,7.57,1.08,3.24,12.97,10.27,0,0.54,5.41,0,9.19,0,0,1.62,9.19,4.32,4.86,0,3.24,1.08,12.43,2.16,0.54,0.54,1.62,0.54,1.08,6.49,0.54,2.16,0.54,1.62,0,0,0,0,0,0,19.46,4.32,4.86,9.73,2.16,11.35,0,0,0,0.54,2.7,0,0,0,4.86,10.27,1.08,0.54,0,0,0,0,0,0,0,16.76
7143,Bass,4/28/1999,House,Kosovo,NH,0,R,7143,Bass,4,28,99,198,18,25.76,81.31,55.56,17.17,7.58,3.54,4.04,0,0,0,9.6,6.57,10.1,7.07,1.01,7.07,1.01,2.02,12.63,4.55,1.01,0.51,9.09,0,6.06,0,0,1.52,5.56,3.54,2.02,0,0,1.52,16.16,4.04,2.53,0.51,2.53,0.51,0.51,5.05,3.03,2.53,0.51,2.02,0,0,0,0,0,0,14.14,1.01,7.58,5.56,4.04,4.04,0.51,0,0,0,0,1.52,0,0,5.56,7.58,0,1.01,0,0,2.53,0,1.01,0,4.04,21.72
7034,Bateman,4/28/1999,House,Kosovo,VA,0,R,7034,Bateman,4,28,99,807,21.81,19.95,83.27,60.97,17.97,8.67,2.97,3.59,0.62,0.87,0.62,9.29,7.56,15.12,11.03,1.49,10.66,1.36,2.85,12.89,4.58,2.23,2.73,0.74,0,9.29,0,0.25,1.12,3.59,2.11,1.49,0,0.5,0.5,21.31,3.97,3.1,1.86,2.97,1.24,0.87,5.08,3.59,1.61,0.25,1.24,0.12,0.12,0.12,0,0,0,8.92,0.99,4.34,3.1,1.12,1.61,0,0.37,0.37,0,0.25,0,0,0,4.58,6.44,0,0.25,0,0,0.5,0,0.25,0.25,0.25,12.76
7053,Bentsen,4/28/1999,House,Kosovo,TX,1,D,7053,Bentsen,4,28,99,845,20.61,32.54,73.49,47.81,7.93,2.96,1.42,1.07,0.12,0.36,0,4.97,10.06,7.1,5.56,0.47,4.5,1.89,2.49,13.96,5.33,0.83,2.01,1.18,0,4.73,0,0.36,0.83,5.92,2.25,3.31,0,1.89,0.36,15.86,1.3,2.49,2.37,0.95,0.83,1.42,4.97,1.54,0.47,0,0.24,0.24,0.95,0,0.59,0,0.36,11.95,2.25,6.51,2.96,1.66,2.72,0.47,0.59,0.59,0.12,0.71,0,0,0,8.76,4.62,0,0,0.47,0,0.71,0,0.71,0.12,0,15.5
7171,Bereuter,4/28/1999,House,Kosovo,NE,0,R,7171,Bereuter,4,28,99,1207,17.49,22.62,79.78,55.51,13.59,6.96,1.91,2.9,0,0.83,1.33,6.63,7.79,14.17,9.36,5.3,7.37,1.16,3.07,13.67,6.13,1.74,1.49,1.08,0,9.28,0,0.58,0.99,5.47,2.4,2.98,0.08,1.99,0.41,18.56,1.24,1.74,1.99,1.16,2.15,0.91,7.54,2.32,1.74,0.5,1.24,0,0.41,0.17,0.25,0.08,0,13.26,1.41,7.71,3.98,1.99,1.41,0.17,0.25,0,0.17,0.75,0.08,0.25,0.08,5.72,7.29,0,0.17,0.5,0,0.33,0,0.08,0,0.08,14.17
7130,Biggert,4/28/1999,House,Kosovo,IL,0,R,7130,Biggert,4,28,99,184,10.82,26.09,83.15,51.09,9.78,5.98,1.63,1.63,0,1.63,1.09,3.8,9.24,13.04,8.15,4.35,7.07,1.09,1.09,13.04,3.8,6.52,1.09,1.09,0,9.78,1.09,0,2.72,9.78,7.07,1.63,0.54,1.09,0,16.85,1.63,2.72,4.35,4.35,1.09,0,2.72,3.8,1.63,0,1.63,0,0,0,0,0,0,13.04,2.17,7.07,4.35,2.72,2.72,0,0.54,0,0,0,0,0,0,10.87,4.35,0,0,0,0,0,0,0.54,0,0,15.76
7175,Blagojevich,4/28/1999,House,Kosovo,IL,,D,7175,Blagojevich,4,28,99,423,16.92,30.26,72.1,47.52,9.93,4.73,1.65,2.84,0,0,0.24,5.2,9.22,9.93,6.86,0.71,6.15,1.89,2.84,12.29,5.91,1.65,1.18,0.95,0,6.38,0,0,0.95,5.2,1.89,3.31,0.47,0.71,1.18,17.49,3.31,2.84,2.13,0.95,0.95,1.65,4.96,2.6,1.18,0,0.71,0.47,0.95,0.71,0,0.24,0,12.53,0.71,5.44,6.38,2.13,2.13,0.24,0.47,0,0,0.47,0,0,0,6.38,5.91,0,0,0,0,1.89,0,0.71,0,0,14.89
7162,Bliley,4/28/1999,House,Kosovo,VA,1,R,7162,Bliley,4,28,99,153,9.56,20.26,85.62,60.78,20.26,14.38,7.19,5.88,0,0,1.31,5.88,5.88,15.03,11.76,2.61,7.84,3.27,1.96,12.42,5.88,2.61,0.65,0.65,0,16.99,0,0.65,2.61,5.23,5.23,0,0,0,0,23.53,3.27,1.31,2.61,3.27,0.65,0.65,9.8,4.58,3.27,0,3.27,0,2.61,0,0.65,1.31,0.65,7.19,2.61,1.96,3.27,0.65,1.31,0,0.65,0,0,0,0,0.65,0,10.46,11.11,0.65,0,0,0,0,0,0,0,0,22.22
7174,Blumenauer,4/28/1999,House,Kosovo,OR,1,D,7174,Blumenauer,4,28,99,295,22.69,35.25,75.93,47.46,11.53,6.44,2.37,3.05,0,0.34,0.68,5.08,5.76,8.14,5.08,0.68,5.76,1.36,3.73,14.58,5.42,1.36,2.03,0.68,0,6.1,0,0,0.34,6.44,4.41,2.03,0.68,0.34,0.34,18.98,4.07,1.36,1.36,2.71,2.37,2.71,4.75,2.03,1.02,0,0.34,0.68,0.34,0.34,0,0,0,16.27,2.71,8.14,4.75,1.02,4.75,0.34,0.68,0.34,0,0,0,0,0,4.41,3.39,0,0,0,0,1.69,0,2.03,0,0,11.53
7083,Bonilla,4/28/1999,House,Kosovo,TX,0,R,7083,Bonilla,4,28,99,453,11.92,33.11,79.91,49.23,14.13,9.71,1.77,7.51,0.22,0,0.22,4.42,7.28,7.95,5.74,0.44,5.96,0.88,2.43,12.36,3.97,1.55,2.87,0.66,0,10.38,0,0.44,1.32,8.17,3.31,4.86,0.88,1.99,1.1,18.98,2.43,1.77,1.1,1.99,2.43,3.09,6.84,1.55,0.44,0.22,0.22,0,0,0,0,0,0,10.15,1.77,5.3,3.09,8.17,7.28,0.22,0,0,0,0.44,0,0,0,9.27,1.77,0,0,0,0,0.44,0,1.99,0,0,13.47
567,Bonior,10-Mar-98,House,Kosovo,MI,1,D,567,Bonior,3,10,98,356,16.18,27.53,75,48.03,8.43,5.34,0,3.37,0,0.84,1.12,3.09,8.15,14.61,9.27,3.93,6.18,2.25,2.53,12.08,4.49,1.4,2.81,0.84,0,8.99,0,0,3.09,5.9,1.97,3.93,0.56,2.53,0.28,20.79,1.69,3.93,2.81,1.69,2.53,1.97,6.18,1.4,1.12,0.28,0.84,0,0.84,0.84,0,0,0,10.96,1.97,5.06,3.65,1.12,1.4,0,0,0,0,1.12,0,0,0,6.18,2.81,0,0,0,0,0.56,0,0,0,0,9.55
1112,Bonior,17-Mar-98,House,Kosovo,MI,1,D,1112,Bonior,3,17,98,324,14.73,24.38,78.7,49.69,14.51,7.41,0.62,3.09,0.31,1.23,2.16,7.1,5.86,11.42,8.02,3.09,7.1,0.93,3.4,9.88,6.79,1.54,1.85,0.31,0,13.27,0.31,0.31,3.09,7.41,2.78,4.63,1.85,1.54,1.23,17.59,2.16,2.16,1.54,0.62,2.47,1.23,7.41,1.54,3.4,0.93,1.23,1.23,0.93,0.62,0,0.31,0,10.49,1.54,3.7,5.56,0.93,1.85,0.93,0.31,0.31,0,2.78,0,0,0.31,7.1,3.4,0.62,0,0,0,1.54,0,1.54,0.31,0,14.81
7072,Bonoir,4/28/1999,House,Kosovo,MI,1,D,7072,Bonior,4,28,99,470,15.16,25.32,79.15,56.38,16.6,10.85,1.06,6.17,0,2.34,1.28,5.74,7.23,12.55,8.72,1.7,7.02,2.13,4.26,11.06,4.68,2.13,2.13,1.06,0,14.47,0,0.64,1.49,6.38,3.4,2.98,0,0.85,1.49,14.47,1.7,0.64,0.85,0.85,1.06,0.85,5.74,2.55,1.91,0.21,1.28,0.43,1.28,0.43,0.21,0.64,0,11.06,1.28,3.83,4.89,1.06,1.91,0.64,0.85,0,0.21,0.85,0,0.43,0,6.6,5.53,0.43,0,0.64,0,0,0,1.06,0,0.43,14.68
7164,Brady,4/28/1999,House,Kosovo,TX,0,R,7164,Brady,4,28,99,328,15.62,26.52,81.4,52.44,11.89,6.71,0,5.79,0,0.61,0.3,5.18,9.15,11.59,7.32,3.05,6.71,0.91,5.49,11.89,3.96,2.74,1.83,0.61,0,10.67,0.3,0.3,1.22,9.15,3.05,6.1,0.3,3.66,0.91,17.68,0.91,1.83,1.83,2.13,1.83,1.22,6.4,3.05,1.52,0.3,0.3,0.91,0.3,0.3,0,0,0,13.11,3.96,5.79,3.66,2.44,4.57,0.3,0.91,0.3,0,3.96,0,0,0.3,6.4,7.93,0,0,0,0,0,0,0.91,0,0,15.24
7061,Burton,4/28/1999,House,Kosovo,IN,0,R,7061,Burton,4,28,99,455,12.64,19.12,81.76,58.24,15.38,7.69,2.2,5.05,0,0.22,0.22,7.69,6.81,14.07,10.11,3.3,9.01,0.66,4.84,12.97,3.74,2.2,2.42,4.18,0,12.31,0,0.66,3.08,2.64,1.54,1.1,0,0.88,0,16.7,1.76,0.66,2.2,2.2,0.44,0.66,6.81,3.3,1.54,0.44,0.66,0.22,0.44,0.44,0,0,0,13.19,2.42,7.91,3.08,1.54,1.1,0,0.66,1.54,0,1.32,0,0,0.44,6.37,7.69,0,0.22,2.2,0,0.22,0,0.22,0.22,0.22,17.58
7065,Buyer,4/28/1999,House,Kosovo,IN,0,R,7065,Buyer,4,28,99,488,13.94,19.06,82.17,55.53,15.37,10.04,4.1,3.69,0,1.84,0.41,5.33,7.79,14.96,10.86,0.82,11.07,1.64,3.28,12.3,5.74,1.84,0.61,0.82,0,12.09,0.82,0,1.43,3.69,2.66,1.02,0,0.82,0,17.01,2.05,3.07,2.05,2.66,0.41,0.82,5.12,2.66,1.84,0.61,1.23,0,0.41,0.2,0.2,0,0,12.09,2.46,6.76,2.66,3.89,1.02,0.41,0.41,0,0,0.82,0.41,0.2,0.2,6.97,6.56,0,0,1.02,0,0,0,0.82,0.2,0,15.78
7098,Callahan,4/28/1999,House,Kosovo,AL,1,R,7098,Callahan,4,28,99,963,22.93,25.03,83.9,57.32,17.34,10.18,5.09,3.22,0.1,0.73,1.04,7.17,6.85,14.02,9.55,0.73,9.45,1.97,3.01,12.98,4.78,1.97,1.97,0.52,0,11.73,0,0.21,1.35,3.74,1.97,1.77,0.42,1.04,0,20.56,3.95,1.04,2.91,1.77,1.45,1.25,5.4,3.74,1.56,0.31,1.14,0.1,0.21,0.21,0,0,0,10.8,2.39,5.09,3.32,2.28,2.7,0.52,0.1,0.52,0,0.62,0,0,0,5.09,4.15,0,0.21,0,0,0.52,0,0.83,0,0.83,11.63
7079,Calvert,4/28/1999,House,Kosovo,CA,0,R,7079,Calvert,4,28,99,408,17.74,28.92,81.13,50,11.27,6.13,2.94,2.7,0,0,0.49,5.15,7.11,11.76,8.82,1.47,7.35,1.72,2.7,13.48,5.39,0.74,1.72,0.74,0,9.31,0,0,2.7,6.62,3.19,3.19,0.74,1.96,0.74,14.22,1.47,1.23,1.72,1.47,1.47,1.96,4.66,0.49,0.74,0.25,0.49,0,0.49,0.25,0.25,0,0,13.48,0.25,8.09,5.15,2.45,4.66,0,0,0.74,0.25,0.74,0,0,0,5.88,2.94,0,0,0,0,0.74,0,0,0,0,9.56
7122,Camp,4/28/1999,House,Kosovo,MI,0,R,7122,Camp,4,28,99,590,20.34,36.44,73.39,46.61,8.31,4.75,1.36,2.37,0,0.68,0.34,3.56,9.66,10,8.47,1.02,5.76,1.53,1.69,12.2,5.59,0.85,1.69,1.36,0,6.27,0,0.17,0.34,4.75,2.03,2.71,0.34,1.36,0,16.27,2.03,3.39,0.51,1.86,1.53,1.19,5.42,0.51,0.17,0,0.17,0,0.51,0.17,0.34,0,0,11.86,2.37,5.08,4.07,4.24,4.92,0,0.51,0.17,0,1.02,0.17,0,0,7.12,3.22,0,0,0,0,1.36,0,2.03,0,0,13.73
7052,Campbell,4/28/1999,House,Kosovo,CA,0,R,7052,Campbell,4,28,99,2461,16.19,21.94,82.32,56.64,14.95,8.82,2.44,4.19,0,1.54,0.65,6.14,7.68,14.71,11.13,2.4,9.18,1.71,2.19,13.21,5.16,1.87,1.42,0.85,0,12.11,0.08,0.53,1.02,5.81,1.99,3.78,0.16,3.17,0.04,16.82,2.23,1.3,1.99,2.23,1.46,0.81,5.81,3.09,2.07,0.2,1.75,0.12,0.16,0.04,0.12,0,0,13,1.71,7.44,3.54,2.36,1.75,0.16,0.04,0.33,0.08,2.6,0.16,0.12,0,6.1,6.79,0.16,0.08,0.57,0.04,0.24,0,1.22,0.16,1.06,16.58
7144,Canady,4/28/1999,House,Kosovo,FL,0,R,7144,Canady,4,28,99,591,20.38,27.41,76.65,51.61,8.46,4.06,1.69,2.03,0,0.34,0,4.4,12.52,9.64,7.11,1.35,5.08,2.03,1.86,16.58,3.21,2.37,1.18,0,0,5.08,0,0,1.35,7.61,3.38,4.23,0.34,3.38,0.17,11.51,1.18,2.03,1.52,0.68,0.68,0.85,2.2,2.71,1.02,0.17,0.85,0,0.51,0.34,0.17,0,0,10.83,1.69,6.6,2.03,2.2,3.21,0.17,0,0.51,0.17,1.35,0,0,0,5.58,3.72,0.17,0.51,0,0,0.51,0,0.34,0.17,0.34,11.51
7128,Cannon,4/28/1999,House,Kosovo,UT,0,R,7128,Cannon,4,28,99,560,12.73,30.18,80.71,48.39,14.29,10.18,0.89,6.25,0,1.79,1.25,4.11,6.96,10.54,6.07,1.96,6.43,1.61,3.04,12.5,6.25,1.96,0.54,0.54,0,12.86,0,0,2.14,9.82,3.57,6.25,0.89,4.46,0.18,20.36,2.5,3.39,0.89,1.07,1.79,1.79,7.5,1.96,2.68,1.25,0.89,0.18,1.43,0.89,0.36,0,0.18,9.29,0.89,4.11,4.11,2.68,3.04,0.36,1.07,0.36,0.36,1.43,0,0,0,8.39,8.21,0.18,0.18,0,0,0.89,0,0.36,0,0,18.21
7077,Capps,4/28/1999,House,Kosovo,CA,1,D,7077,Capps,4,28,99,793,16.52,32.53,76.67,48.05,11.48,6.56,3.15,1.77,0,0.38,1.26,4.92,6.31,9.21,6.56,0.76,5.17,1.77,1.89,14.63,5.55,1.26,1.51,1.39,0,8.2,0,0.13,1.64,6.81,4.54,2.27,0.63,1.26,0.25,16.52,2.02,1.26,2.52,1.01,1.64,1.89,5.67,1.13,1.77,0.25,1.01,0.38,0.63,0.38,0.13,0,0.13,12.36,1.13,5.93,5.04,1.26,2.14,0.38,0.25,0.76,0.13,1.13,0,0,0.13,8.2,4.67,0,0,0,0,0.63,0,1.01,0,0.25,14.75
7156,Capuano,4/28/1999,House,Kosovo,MA,1,D,7156,Capuano,4,28,99,244,17.43,12.3,89.34,61.48,19.67,11.48,2.05,8.2,0.82,0,0.41,8.2,4.92,17.62,13.11,1.64,12.3,3.28,4.51,12.7,5.74,1.64,0.82,0.41,0,16.39,0,0.41,2.46,1.64,1.23,0.41,0,0,0,20.9,2.05,1.64,1.64,1.64,0.41,1.23,10.25,3.28,1.64,0.82,0.82,0,0.41,0.41,0,0,0,15.57,2.46,4.92,8.61,2.05,0.82,1.23,0.41,0,0,0,0,0,0.82,5.74,8.61,0,0,0,0,0,0,0.82,0,0.82,15.98
7046,Cardin,4/28/1999,House,Kosovo,MD,1,D,7046,Cardin,4,28,99,136,12.36,35.29,78.68,39.71,11.76,5.88,4.41,0.74,0,0.74,0,5.88,5.88,9.56,3.68,0,8.09,1.47,1.47,13.97,2.94,0,0.74,2.21,0,5.88,0,0,4.41,8.09,4.41,3.68,0,2.94,0,19.85,9.56,2.94,0.74,0.74,2.21,2.94,2.21,0.74,0.74,0,0.74,0,1.47,0.74,0.74,0,0,7.35,1.47,5.15,0,2.21,6.62,0.74,0,0,0,2.94,0,0.74,0,13.24,2.94,0,0,0,0,0,0,1.47,0.74,0,19.12
7087,Castle,4/28/1999,House,Kosovo,DE,1,R,7087,Castle,4,28,99,924,16.8,30.84,71.43,45.67,6.39,3.14,0.76,1.08,0,0.65,0.65,3.25,7.9,10.06,8.23,0.87,4.98,2.81,2.38,13.53,5.52,1.08,2.6,1.41,0,5.52,0.32,0.11,0.65,4.65,2.16,2.49,0.11,1.52,0.22,17.97,1.08,4.55,3.14,1.3,1.95,1.41,4.22,1.52,0.22,0,0.11,0.11,0.22,0.11,0.11,0,0,12.01,1.52,6.93,3.25,2.81,3.25,0.76,0.65,0.22,0,1.3,0,0,0,9.2,4.22,0.11,0.32,0,0,0.65,0,0.43,0,0,14.94
7132,Chabot,4/28/1999,House,Kosovo,OH,0,R,7132,Chabot,4,28,99,154,11.85,33.12,78.57,46.1,10.39,5.84,1.3,3.9,0,0.65,0,4.55,7.79,13.64,9.74,1.3,9.74,0,1.3,10.39,5.19,2.6,0.65,0,0,11.04,0,0,4.55,5.84,1.3,4.55,0.65,1.3,0.65,17.53,2.6,1.95,1.3,0.65,1.95,0.65,5.19,3.25,1.3,0,1.3,0,0.65,0,0.65,0,0,8.44,1.95,4.55,1.95,3.25,4.55,0,0,0.65,0,1.3,0,0,0,8.44,2.6,0,0,0,0,0.65,0,1.3,0,0,12.99
7057,Chambliss,4/28/1999,House,Kosovo,GA,0,R,7057,Chambliss,4,28,99,920,21.4,29.13,79.67,49.13,10.65,7.39,1.52,5.22,0,0.22,0.43,3.26,8.7,10.76,7.83,2.07,7.07,1.2,2.83,13.7,4.35,1.09,1.52,1.74,0,9.02,0,0.11,1.3,6.2,3.26,2.61,0.43,1.41,0.87,19.13,1.74,2.17,1.3,0.98,2.93,1.3,7.93,1.41,0.76,0.22,0.54,0,0,0,0,0,0,14.57,2.28,6.09,6.2,4.24,6.63,1.3,0,0.33,0.11,0.98,0,0,0,5.22,4.67,0,0,0.22,0,0.33,0,0.11,0,0,10.54
7140,Collins,4/28/1999,House,Kosovo,GA,0,R,7140,Collins,4,28,99,241,30.12,37.34,71.37,42.74,7.47,2.9,1.66,0,0,0,1.24,4.56,10.79,7.05,5.81,0.83,4.98,0.83,2.07,10.79,4.56,0.41,0.83,0.83,0,4.56,0,0,1.24,3.73,1.24,2.49,0,1.66,0.83,11.62,1.66,3.73,0.41,0.83,0.41,1.66,3.32,0,1.24,0,0.41,0.41,1.24,0.41,0,0,0.83,14.52,1.66,7.88,4.98,5.39,4.56,0.41,1.24,1.24,0,0,0,0,0,4.15,4.98,0,0,0,0,0.83,0,0.41,0.83,0,12.03
7116,Conyers,4/28/1999,House,Kosovo,MI,1,D,7116,Conyers,4,28,99,2463,26.2,31.14,74.14,47.3,7.96,3.33,1.54,1.1,0.08,0.12,0.49,4.63,9.7,9.58,6.98,1.91,5.24,1.22,2.19,13.84,4.67,1.18,1.95,2.6,0,4.87,0,0.12,0.81,6.09,3.13,2.88,0.45,1.79,0.32,16.97,2.68,2.44,1.42,1.95,1.5,1.91,3.94,1.83,0.73,0.28,0.2,0.24,0.37,0.16,0.2,0,0,11.12,1.38,5.89,3.49,3.05,2.48,0.32,0.45,0.12,0.08,1.02,0.08,0.04,0,5.72,4.06,0.04,0.37,0.08,0,0.69,0,1.58,0.53,1.06,14.66
7069,Cook,4/28/1999,House,Kosovo,UT,0,R,7069,Cook,4,28,99,356,16.18,26.97,81.74,52.25,12.92,8.15,2.25,3.65,0,0.28,1.97,4.78,7.02,14.89,10.11,1.69,9.83,1.97,1.97,12.08,5.06,1.69,0.84,0.84,0,9.83,0.28,0,1.97,6.46,2.53,3.93,0.28,3.09,0.56,18.82,2.81,2.25,1.97,2.81,0,1.69,6.18,2.53,0.56,0,0.28,0.28,1.12,1.12,0,0,0,12.92,2.53,4.78,5.34,1.97,3.37,0,0.28,0.28,0,1.4,0,0.28,0,6.74,3.65,0.28,0.28,0,0,0.84,0,0.28,0.28,0,12.64
7074,Costello,4/28/1999,House,Kosovo,IL,1,D,7074,Costello,4,28,99,282,31.33,25.53,75.18,47.52,8.87,6.38,2.84,2.84,0,0.35,0.35,2.48,9.93,6.03,3.9,0,4.96,0.71,0.35,19.86,2.84,0.71,1.06,1.06,0,7.09,0,0.71,1.06,4.26,2.13,2.13,0,2.13,0,10.64,1.42,1.06,0.71,0.35,1.42,1.06,2.84,1.42,0.71,0,0.71,0,0.35,0.35,0,0,0,18.44,2.84,12.77,2.48,3.9,4.96,0,0,0,0,0.35,0,0,0,4.26,2.13,0,0.35,0,0,0.71,0,0.71,0,0,8.16
7133,Coyne,4/28/1999,House,Kosovo,PA,1,D,7133,Coyne,4,28,99,271,20.85,24.72,75.65,48.34,10.7,5.17,2.21,1.48,0,0.74,0.74,5.54,8.12,9.59,6.64,0.74,8.12,0.74,1.48,15.87,4.06,0.74,0,1.85,0,5.17,0,0,0.74,6.64,3.32,3.32,0,1.48,0,10.7,1.85,1.85,1.11,0.74,0.37,1.85,2.58,1.48,1.11,0.37,0.37,0.37,2.21,1.48,0.74,0,0,14.39,2.21,4.43,7.01,3.69,2.21,0.37,1.11,0,0,0.37,0,0,0,7.38,4.06,0.37,0,0,0,0.74,0,1.11,0,0,13.65
7129,Crowley,4/28/1999,House,Kosovo,NY,1,D,7129,Crowley,4,28,99,357,13.22,32.77,73.95,45.38,7.28,4.76,0.84,3.08,0,0.28,0.56,2.52,9.24,5.88,5.04,1.4,2.24,2.24,2.24,15.13,3.08,1.12,1.68,1.96,0,8.68,0,0.28,2.24,6.72,3.92,2.52,0.28,0.28,0.56,14.85,1.68,1.96,2.24,0.28,1.4,3.08,3.64,1.12,1.68,0,1.68,0,1.68,0.56,1.12,0,0,14.29,2.24,7.56,4.48,1.96,3.64,0.84,0.56,0,0,0.28,0,0,0,9.52,3.08,0,0,0,0,0.56,0,0.28,0,0,13.45
1104,Cunningham,17-Mar-98,House,Kosovo,CA,0,R,1104,Cunningham,3,17,98,334,23.86,20.96,76.35,54.49,13.47,8.38,4.79,2.99,0,0,0.6,5.09,8.38,13.47,7.19,1.5,8.68,1.2,2.1,13.47,7.78,1.2,2.69,0.3,0,5.69,0,0.3,0.6,3.59,2.1,1.5,0,0.9,0,19.76,2.4,0.6,3.59,2.69,0.9,0.6,7.78,3.89,1.5,0.9,0.3,0.3,0.3,0,0,0,0.3,15.87,2.4,8.08,5.39,0.6,0.9,0,0,0.3,0,0.3,0,0,0,5.09,7.49,0,0,0,0,0,0,0,0,0,12.57
7021,Cunningham,4/15/1999,House,Kosovo,CA,0,R,7021,Cunningham,4,15,99,676,15.02,21.3,72.93,52.51,10.8,5.47,1.63,3.25,0.15,0.15,0.3,5.33,7.4,12.57,9.02,2.07,8.43,1.18,3.85,12.57,3.99,2.07,3.7,6.66,0,6.51,0,0,0.74,3.25,1.33,1.92,0.15,1.18,0.15,15.24,0.59,1.33,1.92,1.04,0.89,0.15,6.21,2.81,1.63,0.3,1.33,0,0.44,0.15,0.15,0.15,0,11.09,1.04,7.84,2.51,1.63,1.63,0,0,1.33,0.15,1.48,0.15,0,0.15,6.95,7.4,0,1.33,0.15,0,0.74,0,0.44,0,0.74,17.75
7059,Cunningham,4/28/1999,House,Kosovo,CA,0,R,7059,Cunningham,4,28,99,1134,13.19,20.19,79.89,56.97,12.61,7.32,1.23,2.65,0.97,0.44,2.03,5.29,8.55,15.96,9.35,3.17,10.67,0.97,3.44,12.96,5.73,1.94,3.09,2.38,0,10.14,0,0.35,1.06,4.06,1.76,2.29,0.09,1.15,0,17.46,1.06,2.29,2.2,1.85,0.44,0.62,6.88,3.17,2.38,1.23,1.15,0,0.71,0.62,0,0.09,0,10.58,0.88,6.08,3.53,1.32,2.47,0.18,0.35,0,0.26,0.79,0.26,0,0,7.23,6.26,0.18,0.18,0.62,0,0,0,0.62,0,0.26,15.34
7135,Davis,4/28/1999,House,Kosovo,IL,1,D,7135,Davis,4,28,99,274,17.12,27.01,81.39,55.11,13.14,8.03,2.55,3.28,0,0.36,1.82,5.11,2.55,13.87,10.95,3.65,8.39,0.36,5.11,12.04,7.66,2.55,3.28,0.73,0,9.85,0,0,2.92,6.93,1.82,5.11,1.09,2.55,0,18.61,2.55,1.82,0,2.55,0.36,1.46,9.12,1.09,1.82,0.73,0.36,0.36,2.55,0,1.46,0.73,0.36,8.76,0.36,3.65,4.01,1.09,1.82,0,0.73,0,0.36,0.36,0,0,0,6.2,8.76,0.36,0,0,0,0.36,0,0,0,0,15.69
7161,Davis,4/28/1999,House,Kosovo,FL,1,D,7161,Davis,4,28,99,1274,18.2,29.12,75.04,48.82,13.19,8.79,1.96,5.49,0,0.78,0.55,4.4,6.28,9.89,7.3,1.1,5.49,2.51,1.81,15.07,5.18,0.31,0.86,0.86,0,11.46,0,0.55,1.26,4.55,3.14,1.33,0.47,0.63,0.08,16.64,2.12,1.73,2.75,0.78,1.73,1.33,7.14,0.55,0.94,0,0.71,0.24,0.16,0.08,0.08,0,0,13.03,1.81,6.59,4.4,2.51,3.92,1.41,0.63,0.39,0.16,0.31,0,0.08,0,6.44,3.45,0,0,0,0,0.39,0,0.47,0.08,0.63,11.54
7041,DeFazio,4/28/1999,House,Kosovo,OR,0,D,7041,DeFazio,4,28,99,1080,19.29,27.5,78.06,50.46,9.07,4.72,0.93,2.59,0,0.28,0.93,4.35,9.17,10.09,7.59,2.13,6.11,1.11,2.13,14.26,6.11,1.76,2.13,0.83,0,6.39,0,0.09,0.83,5.37,1.94,3.33,0.09,1.76,0.56,18.43,1.67,2.87,1.48,2.59,1.39,1.39,5.93,2.87,0.74,0.09,0.28,0.37,1.02,0.37,0.28,0.19,0.19,12.87,2.96,4.72,5.19,4.35,4.44,0.28,0.19,0.56,0.28,1.3,0,0.09,0,6.02,3.89,0.09,0.09,0.74,0,0.46,0,0.56,0.09,0.19,12.22
7123,Delahunt,4/28/1999,House,Kosovo,MA,1,D,7123,Delahunt,4,28,99,1010,17.41,26.14,77.92,53.47,13.66,7.23,3.47,2.87,0.2,0.59,0.1,6.44,7.52,10.79,8.51,2.28,5.15,1.58,3.66,12.97,6.04,1.19,2.08,1.09,0,8.51,0,0.59,2.38,4.85,2.97,1.88,0.2,0.99,0.59,14.26,1.29,0.89,1.88,2.18,1.58,0.89,5.25,2.18,1.29,0,1.29,0,0.69,0.2,0.3,0.2,0,12.57,0.3,6.73,5.15,2.18,2.28,0.1,0.2,0.99,0.1,1.19,0,0.1,0,6.63,7.33,0.4,0,0.3,0,0.2,0,1.58,0.2,1.09,17.92
7168,Delauro,4/28/1999,House,Kosovo,CT,1,D,7168,Delauro,4,28,99,262,15.41,26.72,76.34,46.95,12.6,7.63,1.91,3.44,0.38,1.15,0.76,4.96,6.87,9.54,6.49,1.53,6.49,0.76,1.15,14.5,4.2,0.76,0.76,0.38,0,12.21,0,0,3.05,6.49,4.2,2.29,0,1.91,0.38,10.31,2.29,0.76,0.76,0.38,0,0.76,4.2,1.53,2.67,0,1.15,0.76,1.15,1.15,0,0,0,15.65,2.29,9.16,4.58,0.38,0.76,0,0.76,0.76,0.38,2.29,0,0.38,0.38,6.49,4.58,0,0.38,0,0,0,0,0.38,0,0,11.83
7019,Delay,4/15/1999,House,Kosovo,TX,0,R,7019,Delay,4,15,99,1041,20.82,26.51,76.56,46.78,9.51,4.03,0.96,1.06,0.38,0.77,0.86,5.48,6.82,11.91,7.11,2.59,7.4,0.67,3.55,13.83,5.67,1.34,1.63,0.86,0,8.74,0.19,0.48,1.44,6.82,4.13,2.5,0.38,1.54,0.1,15.18,1.54,2.69,1.92,1.44,1.06,0.38,4.71,2.02,2.4,0.58,1.15,0.48,1.15,0.48,0.1,0.1,0.48,12.58,1.92,5.67,4.8,2.88,2.98,1.34,0.48,0.58,0.1,0.86,0,0.29,0.38,6.15,7.01,0.19,0,0.29,0,2.21,0,4.42,0,4.32,24.59
7096,Delay,4/28/1999,House,Kosovo,TX,0,R,7096,Delay,4,28,99,1352,19.88,24.26,80.99,54.44,12.28,6.21,1.78,2.66,0.15,1.04,0.59,6.07,5.99,13.83,9.25,3.48,7.25,2.07,4.66,12.87,6.36,2.59,1.48,1.26,0,8.58,0.15,0.22,1.18,4.88,2.66,2.14,0.15,0.96,0.15,18.34,2.29,2.22,2,1.85,1.04,0.89,6.66,2.66,1.18,0,1.18,0,0.59,0.3,0.22,0,0.07,12.43,2.59,4.73,4.88,3.11,1.85,0.44,0.22,0.96,0.07,0.52,0.15,0.22,0,5.18,6.43,0.07,0.15,0.37,0,0.15,0,0.44,0,0.52,13.31
7095,Dicks,4/28/1999,House,Kosovo,WA,1,D,7095,Dicks,4,28,99,308,16.21,23.7,84.74,56.49,16.23,9.42,6.17,3.25,0,0,0,6.82,7.47,17.53,9.09,1.62,13.64,0.97,5.52,12.01,4.22,0.65,1.95,0.65,0,6.17,0,0.65,0.97,4.87,2.92,1.95,0,0.65,0.65,19.81,5.84,2.27,1.95,1.62,0.97,1.95,4.87,1.95,1.3,0.65,0.32,0.32,0.97,0.65,0.32,0,0,11.36,1.62,7.79,1.3,2.27,4.22,0,0.32,0.65,0,0.65,0,0,0,7.47,4.87,0,0,0.32,0,0,0,0,0,0,12.66
7045,Doggett,4/28/1999,House,Kosovo,TX,0,D,7045,Doggett,4,28,99,312,20.8,27.56,78.21,52.56,12.5,3.53,0,1.92,0,0.96,0.64,8.97,5.77,10.26,8.97,1.28,5.13,2.88,2.56,14.74,4.81,2.88,1.6,0.96,0,7.37,0,0,1.28,3.53,0.64,2.88,0.32,1.92,0.32,15.38,0.64,1.28,1.92,2.24,1.6,2.24,3.53,2.56,0.96,0.64,0.32,0,0.64,0,0.64,0,0,13.46,2.56,5.13,5.77,1.28,3.85,0,0.96,1.28,0,1.6,0,0,0,5.77,6.09,0,0,0,0,0,0,1.92,0.32,0.64,15.06
7147,Doolittle,4/28/1999,House,Kosovo,CA,0,R,7147,Doolittle,4,28,99,300,17.65,30.33,72.33,47.67,9.33,6,1.67,3,0,0,1.33,3.33,8,10,8.33,1.33,7.33,1,1.67,13,5.67,1,2,0,0,7,0,0.67,0.67,9,5.33,3.67,0.67,1.67,0.33,15.33,3,2,1.33,3,1.33,0.67,4.33,2,0.33,0,0.33,0,0,0,0,0,0,8.33,1,6,1.33,1.67,2.33,0,0,0,0,0.33,0,0,0,5.67,1.67,0,0,0.67,0,1,0,1.67,0.33,0,11.33
7032,Dreier,4/28/1999,House,Kosovo,CA,0,R,7032,Dreier,4,28,99,1254,16.08,29.59,75.76,50.64,9.65,4.78,1.59,2.47,0,0.4,0.32,4.86,9.65,8.85,7.02,2.15,4.47,1.2,1.91,15.23,4.31,1.2,2.47,2.31,0,6.54,0,0.08,1.67,5.02,3.03,1.99,0.24,1.12,0.4,16.43,2.55,2.47,0.96,0.96,2.07,1.52,5.18,1.91,0.96,0.08,0.88,0,0.16,0.16,0,0,0,12.76,1.36,7.97,3.11,3.19,4.23,0,0.24,0.4,0,0.56,0,0.08,0,7.97,4.7,0.08,0,0.08,0,0,0,0.56,0.24,0,13.88
604,Duncan,5-Oct-98,House,Kosovo,TN,0,R,604,Duncan,10,5,98,600,22.22,31.5,72.33,47.5,13.33,6.83,2.5,3.5,0,0.33,0.5,6.5,4.17,10.33,6.33,3.17,5,1.17,4.33,11.5,5.33,1.67,3.17,0.67,0,9,0,0.17,1,6.17,2.5,3.67,0.5,1.5,0.17,17.5,2.5,1.33,2,2.67,1.17,1,6.33,2.5,2.17,0.17,1.83,0.17,0.5,0,0.5,0,0,10.17,1.17,5.17,3.67,2.67,1.67,0.33,0.5,0.33,0,0.67,0,0,0,4.83,7.33,0.17,0,0,0,0,0,0.67,0,0.17,13.17
7007,Duncan,4/12/1999,House,Kosovo,TN,0,R,7007,Duncan,4,12,99,703,20.68,28.31,77.1,49.36,6.12,3.13,0.57,1.99,0,0,0.57,2.99,9.39,12.52,8.96,3.7,6.26,1.14,3.98,12.38,4.98,2.42,3.27,1.28,0,5.97,0,0.14,0.85,4.69,0.85,3.84,0.57,1.99,0.43,16.64,1.56,2.13,1.71,1.85,1.56,1,5.97,2.28,1.42,0.28,0.85,0.14,0.57,0.14,0.28,0.14,0,17.5,2.84,9.53,4.69,1.56,1.56,0.43,0.43,0.43,0.14,0.71,0.14,0,0,5.97,5.26,0.43,0.57,0.57,0,1.14,0,3.27,0,3.41,20.63
7010,Duncan,4/13/1999,House,Kosovo,TN,0,R,7010,Duncan,4,13,99,166,18.44,28.31,81.93,52.41,11.45,3.61,0,3.61,0,0,0,7.83,4.82,12.05,8.43,6.02,3.61,1.2,3.61,12.65,3.61,1.2,4.22,4.22,0,9.04,0,0,1.2,5.42,2.41,3.01,0,2.41,0,14.46,0.6,0.6,0.6,2.41,2.41,0.6,6.63,0.6,1.2,0.6,0.6,0,0,0,0,0,0,16.87,1.2,9.04,6.02,1.81,1.2,0.6,0,3.01,0,1.81,0,0,0,7.23,4.22,0,0,0,0,0,0,0.6,0,1.2,13.25
7020,Duncan,4/15/1999,House,Kosovo,TN,0,R,7020,Duncan,4,15,99,1525,21.48,25.84,78.89,51.67,8.2,4.13,0.85,2.49,0,0.2,0.59,4.07,7.87,13.18,9.44,4.07,6.43,1.18,3.8,12.52,5.38,2.03,3.34,2.03,0,8.46,0,0.2,1.64,4.52,1.31,3.21,0.39,1.64,0.2,16.39,1.44,1.77,1.84,2.3,1.31,0.85,6.1,2.23,1.7,0.33,0.98,0.2,0.59,0.26,0.13,0.13,0.07,16,2.23,8.66,4.92,1.57,1.77,0.26,0.39,0.92,0.33,0.59,0.13,0,0.07,5.9,5.9,0.33,0.33,0.26,0,0.72,0,2.03,0.07,2.1,17.7
7022,Duncan,4/20/1999,House,Kosovo,TN,0,R,7022,Duncan,4,20,99,804,19.61,25.5,81.97,55.35,13.18,6.84,0.87,4.1,0,0.87,1,6.34,6.22,12.31,8.46,4.1,6.09,1.49,3.86,13.56,5.85,1,3.86,3.36,0,12.31,0.12,0.37,1.49,5.47,2.61,2.74,0.75,0.87,0.12,18.78,1.49,1.24,2.36,3.11,1,0.75,7.59,3.23,1.49,0.37,1.12,0,0.62,0.25,0.25,0.25,0,15.05,1.87,7.21,5.47,1.49,1.62,0.87,0.37,1,0.12,0.37,0,0.12,0,4.98,4.85,0.37,0,1.24,0,0.5,0,1.49,0,2.49,15.92
7028,Duncan,4/22/1999,House,Kosovo,TN,0,R,7028,Duncan,4,22,99,180,36,22.78,82.78,55.56,14.44,7.78,0.56,3.33,0,1.67,2.22,6.67,7.78,15,8.89,5,8.33,0.56,3.89,13.89,5,1.11,3.33,0,0,11.11,0,0,1.11,4.44,0.56,3.89,1.11,2.22,0,18.33,1.67,3.89,0.56,2.78,0.56,2.22,6.11,1.11,2.22,0.56,1.67,0,0.56,0,0,0,0.56,10.56,1.67,5.56,3.33,1.11,3.33,0,0.56,0.56,0,2.22,0,0,0,6.67,8.89,1.11,0,0,0,0,0,5.56,0.56,4.44,27.78
7038,Duncan,4/28/1999,House,Kosovo,TN,0,R,7038,Duncan,4,28,99,479,28.18,25.68,80.38,51.98,8.56,5.43,0.84,3.55,0,0.21,0.84,3.13,6.68,12.73,8.14,4.18,5.85,1.88,2.92,14.2,7.72,1.46,3.55,2.3,0,10.23,0,0.84,1.46,5.64,2.3,3.34,0.42,2.09,0,19.21,1.04,2.71,1.46,1.46,1.67,1.04,9.39,1.25,1.46,0.42,1.04,0,0,0,0,0,0,15.87,3.13,8.35,4.18,1.46,1.04,0.21,0.21,1.67,0.21,1.46,0,0,0,5.85,7.31,0.63,0.21,0,0,0.21,0,2.71,0.21,2.71,20.04
7167,Edwards,4/28/1999,House,Kosovo,TX,1,D,7167,Edwards,4,28,99,319,19.94,20.69,82.45,54.86,15.36,6.9,1.25,5.64,0,0,0,8.46,5.96,13.48,10.97,1.25,7.52,2.51,4.08,10.03,5.02,2.19,2.19,0.94,0,11.91,0,0,2.19,5.96,3.76,2.19,0.31,0.94,0.94,20.38,2.19,0.94,3.76,2.19,1.88,0.94,5.96,4.08,1.25,0,0.94,0,0.31,0,0.31,0,0,14.11,2.19,5.64,5.96,0.94,2.82,0,0.31,0.63,0.31,1.25,0,0,0,5.02,6.27,0.31,0.31,0,0,0.31,0,1.25,0,0,13.48
1103,Engel,17-Mar-98,House,Kosovo,NY,1,D,1103,Engel,3,17,98,1000,16.13,27.9,73.2,49,11.8,5.8,1.7,1.8,0.4,0.1,1.8,6,6.2,13.6,8.5,1.8,8.6,1,4.4,12.1,4.7,1.3,1.5,0.5,0,9,0,0.4,2,5.4,3.8,1.6,0.1,0.9,0.4,14.2,1.8,1.2,2.1,1.2,0.6,0.9,5.4,2.1,1.2,0.4,0.8,0,0.3,0,0.2,0,0.1,11,1.6,4.7,4.3,2.7,2.3,0.2,0.1,0.2,0.1,0.4,0,0.1,0,7,6.3,0,0.2,0.1,0,0.5,0,0.2,0,0,14.3
613,Engel,24-Mar-98,House,Kosovo,NY,1,D,613,Engel,3,24,98,759,16.15,30.83,71.81,46.25,11.46,7.91,1.45,3.16,0,0,3.29,3.56,7.38,11.99,7.77,2.9,6.19,1.19,1.98,10.54,4.61,1.19,1.32,0.92,0,13.44,0,0.26,4.48,3.29,1.71,1.58,0,1.45,0,14.76,1.45,1.58,2.37,1.45,0.79,0.53,5.93,2.5,0.79,0,0.53,0.26,0.79,0,0.53,0.26,0,11.73,1.98,3.95,5.8,2.77,1.84,0.13,0.4,1.05,0,0.66,0,0,0,6.46,6.06,0,0.13,0,0,0.4,0,0.13,0.66,0,14.49
610,Engel,5-Jun-98,House,Kosovo,NY,1,D,610,Engel,6,5,98,724,12.48,31.35,71.69,44.2,8.15,5.25,0.83,2.49,0,0.55,1.38,2.9,6.91,12.43,8.84,2.49,5.66,2.21,3.04,11.74,4.14,0.83,1.1,0.97,0,8.84,0,0.14,2.49,3.87,1.24,2.62,0.41,1.24,0.28,13.4,0.41,1.8,2.35,0.55,2.49,0.97,5.52,0.97,1.52,0.41,1.1,0,0.28,0.14,0.14,0,0,15.75,2.07,7.32,6.22,3.59,1.8,0,0.83,0.83,0.28,0.97,0,0,0,10.91,6.77,0.14,0,0,0,0.14,0,0.69,0,0,18.65
615,Engel,1-Oct-98,House,Kosovo,NY,1,D,615,Engel,10,1,98,824,17.91,23.3,75.97,49.88,10.07,5.83,0.97,2.79,0,0.97,1.09,4.25,7.52,14.81,9.59,2.43,9.22,1.33,3.52,11.17,5.83,0.97,2.79,0.49,0,9.47,0,0.12,1.94,4,2.18,1.82,0.24,0.49,0.24,14.2,1.58,1.21,2.06,1.09,0.61,0.73,6.55,1.09,1.82,0.24,1.46,0.12,0.24,0.24,0,0,0,14.68,1.94,6.43,6.19,1.82,1.33,0.24,0.73,0.24,0,0.61,0,0.12,0.12,5.46,7.04,0,0.12,0.24,0,0.24,0,0,0,0,13.11
614,Engel,24-Mar-99,House,Kosovo,NY,1,D,614,Engel,3,24,99,220,11,22.73,77.73,49.55,16.82,9.55,2.73,4.55,0,1.36,0.91,7.27,5.91,15,8.64,0.45,10.45,1.82,3.64,10.91,5,0,0.45,0,0.45,12.27,0.45,0.91,1.36,9.55,6.36,2.73,0,2.73,0,15.91,0.45,0.91,3.18,0.91,0.45,1.82,7.73,0.91,2.27,0.91,1.36,0,0,0,0,0,0,8.18,0.91,3.64,2.73,1.82,1.36,1.36,1.36,0,0,3.64,0,0,0,10.91,5,0,0,0,0,0,0,0,0,0,15.91
7016,Engel,4/14/1999,House,Kosovo,NY,1,D,7016,Engel,4,14,99,236,12.42,20.76,77.97,54.66,9.75,7.2,2.12,3.39,0,1.27,0.42,2.54,11.02,13.56,10.17,0.85,8.47,2.97,2.97,13.98,4.24,2.97,0,1.27,0,9.32,0,0,2.12,4.24,1.69,2.54,0,1.69,0.42,19.07,1.27,2.12,5.08,2.12,0.85,0,7.2,3.39,0.85,0,0.85,0,0.42,0.42,0,0,0,10.17,2.12,6.36,2.54,1.69,2.97,0.42,0.85,0.85,0,1.27,0,0,0,9.32,4.24,0,0,0,0,0.42,0,0,0.85,0.42,16.1
7091,Engel,4/28/1999,House,Kosovo,NY,1,D,7091,Engel,4,28,99,604,14.38,20.36,81.79,57.12,15.07,8.28,3.64,3.15,0,0.99,0.5,6.79,8.28,13.58,9.77,1.99,6.95,3.31,2.48,13.41,5.3,1.49,0.5,2.65,0,8.94,0,0.66,1.49,5.3,2.65,2.65,0,1.16,0.5,18.05,0.66,2.48,4.14,1.99,0.66,0.99,6.62,2.48,1.49,0.17,0.83,0.5,0.99,0.83,0.17,0.17,0,12.42,1.49,7.45,3.15,2.15,2.98,0.17,0.83,0.33,0,0.99,0.33,0,0,6.95,4.64,0,0,0.66,0,0.5,0,0,0.17,0,13.08
7118,Everett,4/28/1999,House,Kosovo,AL,0,R,7118,Everett,4,28,99,496,20.67,29.03,73.79,46.17,10.08,4.03,1.41,2.02,0,0.2,0.4,6.05,7.86,10.89,8.47,2.02,6.65,1.21,2.82,11.09,3.63,1.81,1.21,1.01,0.2,6.25,0,0,1.01,4.44,2.22,2.22,0.2,1.21,0.4,16.53,2.02,2.62,1.81,0.6,2.22,1.81,5.24,1.01,1.21,0,1.21,0,0.2,0,0.2,0,0,12.9,1.41,6.45,5.24,3.83,3.43,1.61,0.4,0.4,0,0.4,0,0,0.2,5.65,4.84,0,0.6,0,0,1.21,0,1.81,0.2,0.81,15.32
7075,Ewing,4/28/1999,House,Kosovo,IL,0,R,7075,Ewing,4,28,99,768,24.77,23.7,83.59,56.51,14.06,8.59,2.99,4.95,0,0,0.65,5.47,9.38,12.24,8.98,2.34,7.42,1.56,3.39,13.67,5.34,1.56,1.82,0.91,0,9.51,0,0,1.17,5.86,2.34,3.39,0,1.56,0.39,19.01,2.34,1.95,2.08,2.21,1.69,1.69,6.51,1.43,1.3,0.13,0.13,0.52,0.26,0,0.13,0,0.13,10.94,1.43,5.86,3.91,2.73,2.47,0.13,0,2.73,0,1.04,0.13,0,0,4.3,2.6,0.13,0,0.39,0,0.52,0,0.65,0,0.52,9.11
7154,Faleomavaega,4/28/1999,House,Kosovo,Samoa,,,7154,Faleomavaega,4,28,99,713,18.28,33.52,76.02,47.27,8.27,4.91,1.26,2.66,0,0.84,0.14,3.37,7.29,7.99,6.17,1.82,4.91,0.56,2.95,14.59,6.17,1.54,1.4,2.1,0,9.12,0.28,0.56,2.52,6.59,2.66,3.79,0.14,3.23,0.28,15.99,1.26,2.81,0.98,1.12,1.4,1.68,5.19,1.54,2.1,0.14,1.82,0.14,0,0,0,0,0,11.78,1.54,7.15,2.95,2.95,2.38,0.28,0.28,0,0,2.95,0,0.42,0,6.59,5.33,0,0.42,0.42,0,1.12,0,0.84,0.14,0,15.01
7094,Fowler,4/28/1999,House,Kosovo,FL,0,R,7094,Fowler,4,28,99,1147,19.12,28.42,80.73,52.83,13.25,6.02,1.92,2.44,0,0.87,0.78,7.24,8.11,9.76,6.63,1.74,6.54,0.96,3.49,13.69,5.41,1.57,2.01,1.05,0,8.72,0,0.35,0.96,4.45,2.27,2.09,0.26,0.96,0.26,18.66,2.09,2.88,1.57,1.92,1.13,1.13,5.23,3.05,0.61,0,0.44,0.17,0.87,0.61,0.26,0,0,12.9,2.18,6.19,4.36,2.79,3.05,0.61,0.26,0.7,0,0.52,0,0,0.09,7.24,4.71,0,0.09,0,0,0.44,0,1.57,0.09,0.87,15.08
7165,Frank,4/28/1999,House,Kosovo,MA,1,D,7165,Frank,4,28,99,543,15.97,16.94,86.37,62.25,16.21,8.29,2.76,4.24,0,0,1.29,7.92,7.18,14.73,11.6,1.29,9.58,2.21,4.05,13.44,5.34,3.13,1.84,2.03,0,12.34,0,0,2.76,3.68,2.03,1.66,0.18,0.37,0.18,21.92,3.31,0.74,2.58,2.76,0.55,0.92,7.55,4.42,2.39,0.18,1.66,0.55,0.55,0.55,0,0,0,7.92,1.47,3.13,2.76,2.03,2.03,0.18,0.74,0.18,0,0,0.18,0.18,0,6.08,6.26,0.55,0.18,0.55,0,0,0,0.37,0.55,0.37,15.47
7035,Frost,4/28/1999,House,Kosovo,TX,1,D,7035,Frost,4,28,99,527,17.57,25.81,79.89,53.89,14.04,6.83,2.85,2.28,0.57,0.95,0.19,7.21,8.92,11.76,7.4,3.04,5.69,1.33,2.28,14.61,5.69,0.95,1.9,1.33,0,11.57,0,0,3.23,3.61,1.9,1.71,0,0.95,0.38,15.18,3.04,2.09,1.9,1.71,1.33,1.14,3.61,1.33,1.9,0,1.71,0.19,0.38,0.38,0,0,0,12.33,2.28,5.69,4.74,0.76,2.66,0.57,0.38,0.19,0,0.38,0.57,0.19,0,5.31,7.4,0.19,0,0.95,0,0,0,0.57,1.14,0.38,17.08
7081,Gallegly,4/28/1999,House,Kosovo,CA,0,R,7081,Gallegly,4,28,99,1148,17.66,24.65,76.83,52,10.37,6.79,1.74,3.31,0,0.7,1.05,3.57,8.28,11.93,9.84,1.92,6.97,1.22,2.53,13.41,6.1,1.66,1.74,0.96,0,7.93,0,0.09,0.78,6.53,3.48,3.05,0.35,2.26,0.35,17.07,1.74,2.09,2.7,2.09,1.57,1.22,6.1,2.09,0.7,0.17,0.26,0.17,0.26,0,0.17,0.09,0,12.72,1.13,8.19,3.31,1.74,2.87,0.26,0.52,0,0.09,1.13,0.09,0.09,0.09,6.53,4.7,0,0,0.35,0,0.78,0,1.22,0,0.96,14.55
7160,Ganske,4/28/1999,House,Kosovo,IA,0,R,7160,Ganske,4,28,99,608,17.88,28.62,77.96,53.45,10.53,6.25,1.32,3.45,0.33,0.16,0.99,4.28,7.4,11.51,9.05,1.81,6.58,2.3,4.61,12.01,5.76,1.64,2.96,1.32,0,9.38,0.33,0.16,1.32,6.09,2.8,2.96,0.16,2.14,0.33,14.14,1.64,1.81,1.64,1.48,1.15,0.33,4.77,2.3,0.49,0,0.33,0.16,0.66,0.16,0.16,0,0.33,12.66,1.32,7.73,3.29,2.8,3.12,0.16,0,0.99,0.16,1.15,0,0,0,6.58,4.28,0.16,0,0.33,0,0.49,0,1.48,0,0.82,14.14
7003,Gejdenson,4/12/1999,House,Kosovo,CT,1,D,7003,Gejdenson,4,12,99,124,20.67,25.81,83.06,58.06,19.35,12.1,4.84,4.03,0,0,3.23,7.26,7.26,4.84,4.03,1.61,2.42,0.81,2.42,15.32,8.06,0,3.23,0.81,0,14.52,0,1.61,4.03,8.87,8.06,0.81,0,0.81,0,22.58,1.61,0,1.61,1.61,4.03,3.23,10.48,1.61,0.81,0,0.81,0,0,0,0,0,0,6.45,0.81,3.23,3.23,2.42,1.61,1.61,0,0,1.61,0,0,0.81,0,5.65,6.45,0,0,0,0,0.81,0,0,0.81,0,14.52
7056,Gejdenson,4/28/1999,House,Kosovo,CT,1,D,7056,Gejdenson,4,28,99,1206,13.4,23.05,82.75,54.23,13.85,7.79,1.66,5.06,0.08,0.58,0.41,6.05,7.38,12.44,9.37,1.16,9.29,1.33,4.06,12.11,4.98,2.07,2.32,0.83,0,12.35,0,0.33,2.99,6.14,1.49,4.64,0.41,3.15,1,17.16,1.58,1.74,1.08,1.74,1,0.91,7.46,2.49,1.66,0.41,0.91,0.08,0.25,0.17,0.08,0,0,12.85,2.4,5.97,3.98,2.32,2.9,0.17,0.33,0.25,0,1.91,0.17,0,0,7.21,5.06,0.17,0.17,0.33,0,0.25,0,0.41,0.25,0,14.1
7102,Gephardt,4/28/1999,House,Kosovo,MO,1,D,7102,Gephardt,4,28,99,1184,20.07,17.48,84.21,60.9,17.74,9.46,3.29,3.89,0.51,0.84,0.93,8.28,6.93,14.7,10.22,1.69,9.12,2.11,3.97,14.44,5.66,1.94,1.69,1.27,0,11.91,0,0,2.03,2.79,1.6,1.18,0.25,0.76,0.08,20.27,3.04,1.27,3.29,2.7,1.1,0.17,7.35,3.97,1.52,0.17,1.27,0.08,0.17,0.08,0.08,0,0,13.18,3.21,6.59,3.12,1.35,1.6,0.17,0.08,0.25,0,0.84,0,0.17,0,4.9,4.65,0.17,0.17,0.17,0,0.08,0,0.08,0.08,0,10.39
7166,Gilchrest,4/28/1999,House,Kosovo,MD,1,R,7166,Gilchrest,4,28,99,153,12.75,22.88,83.01,51.63,13.07,5.23,2.61,1.96,0,0.65,0,7.84,9.15,12.42,9.8,0.65,11.11,0.65,2.61,13.07,1.31,0,1.31,1.31,0,8.5,0,0,4.58,9.15,4.58,4.58,0,3.27,0.65,11.76,3.92,2.61,0.65,0.65,0.65,1.31,2.61,0.65,2.61,0.65,1.96,0,0.65,0,0.65,0,0,11.11,0.65,7.19,3.92,0,0.65,0,0,0.65,1.31,3.92,0,0,0,7.19,2.61,0,0,0.65,0,0,0,0,0.65,0,11.76
1102,Gilman,17-Mar-98,House,Kosovo,NY,1,R,1102,Gilman,3,17,98,501,15.66,43.11,65.47,41.92,8.18,4.79,1.8,1,0,0.6,1.4,3.39,7.98,6.79,4.59,0.6,3.19,1,2,14.37,3.99,0.4,2.59,0,0,8.18,0.4,0.4,1.4,5.79,2.4,3.39,0.6,1.6,0.2,12.18,1.2,1.8,1.2,1.6,1.2,1,4.19,0.4,0.8,0.2,0.6,0,0.8,0,0.6,0,0.2,10.78,1.2,5.39,4.19,2.2,1.8,0.6,0.6,0.4,0,0.2,0,0,0,6.79,4.19,0,0,0,0,0,0,0,0.2,0,11.38
7060,Gilman,4/28/1999,House,Kosovo,NY,1,R,7060,Gilman,4,28,99,1801,22.23,30.59,76.9,52.36,13.6,7.61,2.67,3.55,0,0.61,0.78,6,8,9.72,7.11,1.61,6.16,1.05,2.61,14.88,4.61,1.17,1.39,0.72,0,9.72,0,0.33,2.22,5.05,2.72,2.33,0.44,1.5,0.17,15.32,2.55,1.33,1.83,1.28,1.05,1.33,5.05,1.67,1,0.11,0.78,0.06,0.17,0.06,0.11,0,0,11.38,1.17,6.77,3.44,2.28,2.44,0.56,0.5,0.39,0,0.72,0.06,0.17,0.06,5.11,5.22,0,0.11,0,0,0.11,0,0.11,0.39,0,11.44
7004,Goodling,4/12/1999,House,Kosovo,PA,0,R,7004,Goodling,4,12,99,851,22.39,27.26,75.79,49.47,8.11,3.88,0.82,2.23,0.47,0,0.35,4.23,7.87,9.28,7.05,1.18,6.58,0.82,2.35,14.45,5.05,1.41,1.53,5.99,0,7.17,0,0.12,1.18,4.23,1.76,2.47,0.35,1.76,0.12,16.45,1.88,1.76,0.71,1.88,1.41,1.29,6.82,2.23,0.71,0.12,0.59,0,0.47,0,0.35,0.24,0,14.69,1.65,7.87,4.94,1.88,2.23,0,0.12,0.94,0,0.71,0,0,0,5.17,6.11,0,0,1.06,0,0.35,0,0.12,0,0.12,12.93
7011,Goodling,4/13/1999,House,Kosovo,PA,0,R,7011,Goodling,4,13,99,834,15.74,20.62,82.97,60.07,15.23,8.75,2.16,5.16,0,0.36,1.08,6.47,7.79,12.83,9.95,3.36,6.24,1.56,5.64,13.07,6.59,1.32,2.52,2.28,0,11.51,0,0.24,0.72,3.96,1.56,2.04,0,1.56,0.12,17.27,1.56,1.8,0.72,1.56,1.08,0.36,8.51,1.56,1.56,0.48,0.96,0.12,0.36,0.24,0.12,0,0,15.47,2.4,5.88,7.07,1.2,1.08,0.36,0.12,0.72,0,0.96,0.12,0.24,0,5.88,4.2,0,0.12,1.32,0,0.24,0,0.12,0,0.12,11.99
7092,Goodling,4/28/1999,House,Kosovo,PA,0,R,7092,Goodling,4,28,99,560,20.74,22.86,82.86,57.32,18.21,11.61,4.29,3.93,0.71,0.71,1.96,6.61,7.14,15.89,10,3.04,11.61,0.18,4.64,11.25,3.93,2.5,1.25,1.61,0,13.93,0.18,0,0.89,3.39,2.14,1.07,0,0.71,0.18,20.71,2.86,2.86,1.25,1.61,2.5,1.96,5.71,3.75,1.96,0.36,1.61,0,0,0,0,0,0,10.54,2.32,4.82,3.21,2.68,3.04,0,0,0.71,0,0.54,0,0.18,0,6.25,5.36,0.18,0,0.71,0,0.54,0,2.14,0,1.79,16.96
7109,Graham,4/28/1999,House,Kosovo,SC,0,R,7109,Graham,4,28,99,224,13.18,17.86,87.05,55.36,15.18,6.25,2.23,1.79,0,1.34,0.89,8.93,9.38,14.29,8.04,1.79,9.82,1.79,3.57,9.38,4.02,2.23,2.68,0.89,0,9.38,0,0,2.68,5.8,2.68,3.12,0,2.23,0.45,20.09,2.23,2.23,4.46,3.57,0.89,0,4.46,5.36,3.57,1.34,1.79,0.45,1.34,1.34,0,0,0,14.29,2.68,5.8,5.8,1.79,3.12,0,0,0.89,0,1.34,0,0,0,8.48,4.91,0.45,0.45,0,0,0.45,0,0,0.89,0,16.52
7033,Hall,4/28/1999,House,Kosovo,OH,1,D,7033,Hall,4,28,99,1134,15.32,28.84,77.78,49.29,10.23,4.59,2.03,1.76,0,0.09,0.71,5.64,10.14,8.29,5.47,1.23,5.38,1.15,2.03,14.64,3.53,1.76,1.94,1.94,0,6.53,0,0.09,1.5,4.76,1.5,3.26,0.44,1.5,0.44,16.49,3.17,1.23,1.32,2.03,1.68,1.94,3.97,2.12,1.59,0.09,1.32,0.09,0.26,0.18,0.09,0,0,12.61,2.03,7.05,2.91,2.03,3.09,0.18,0.79,0.35,0,1.15,0.09,0,0.18,8.29,5.91,0,0,0.09,0,0,0,0.09,0.18,0,14.73
7125,Hansen,4/28/1999,House,Kosovo,UT,,R,7125,Hansen,4,28,99,567,21.81,29.45,79.19,49.74,12.17,7.58,0.53,4.59,0,0.18,2.29,4.59,7.58,10.58,6.7,0.53,8.29,1.23,2.29,13.76,4.94,1.94,1.76,0.88,0,11.11,0.18,0.18,0.88,9.35,4.94,4.41,0.18,2.65,1.06,15.7,2.47,1.94,1.06,1.23,2.47,1.06,4.59,2.65,0.71,0.35,0.18,0.35,1.76,0.88,0.53,0.18,0.18,9.88,1.41,5.11,2.82,2.82,3.17,0.53,0.35,0.71,0.35,1.06,0,0,0,4.94,4.41,0,0,0.53,0,0.53,0,2.82,0,2.47,15.7
7049,Hastings,4/28/1999,House,Kosovo,FL,1,D,7049,Hastings,4,28,99,513,16.55,27.88,78.56,50.49,12.48,7.41,3.12,3.51,0,0.78,0,5.07,9.16,8.77,5.65,1.36,5.46,1.56,1.75,14.62,5.65,0.97,1.36,0.58,0,9.94,0.39,0.19,1.75,5.07,2.34,2.73,0.39,1.75,0.58,19.69,2.14,1.56,2.53,1.56,0.97,2.34,7.41,1.56,1.95,0,1.56,0.39,0.19,0.19,0,0,0,11.31,2.92,4.87,3.51,2.34,3.12,0,0.19,1.17,0,1.17,0.39,0,0,5.65,5.46,0,0.19,0.58,0,0,0,0.58,0.19,0.39,13.26
7155,Hayes,4/28/1999,House,Kosovo,NC,1,R,7155,Hayes,4,28,99,146,13.27,26.71,82.88,51.37,13.7,9.59,3.42,4.11,0.68,0.68,0.68,4.11,10.96,10.27,6.85,0.68,7.53,0.68,1.37,9.59,3.42,4.11,2.05,0,0,13.01,0.68,0.68,1.37,6.85,2.05,4.79,0,2.05,2.74,16.44,1.37,2.05,2.74,0,0,2.05,4.79,3.42,2.74,1.37,1.37,0,0.68,0,0.68,0,0,9.59,2.05,4.79,2.74,7.53,3.42,0,1.37,0.68,0,2.05,0,0,0,8.22,6.16,0,0,0,0,0,0,1.37,0,1.37,17.12
7101,Hefley,4/28/1999,House,Kosovo,CO,0,R,7101,Hefley,4,28,99,375,17.86,21.33,80.8,54.4,12.8,5.6,2.13,2.67,0,0.27,0.53,7.2,7.2,13.33,8.27,1.33,8,2.93,4.53,14.93,5.87,1.6,2.4,0.53,0,7.73,0,0.27,2.13,4.27,2.93,1.33,0.27,0.8,0.27,16.27,1.6,1.6,3.2,2.13,2.4,0.8,3.47,3.2,1.33,0.53,0.8,0,0.27,0,0.27,0,0,14.13,2.93,8.27,2.67,2.93,3.47,0.53,0.27,0,0,0.53,0.27,0,0,6.13,7.73,0,0,0,0,0.53,0,0,0,0,14.4
7124,Hoeffel,4/28/1999,House,Kosovo,PA,1,D,7124,Hoeffel,4,28,99,196,11.53,23.47,84.18,52.04,12.76,5.1,1.53,2.04,0,1.53,0,7.65,7.14,11.22,10.2,0.51,5.61,4.08,1.53,12.76,5.1,1.02,1.02,2.04,0,5.61,0,0,1.02,11.73,5.61,6.12,0,2.55,1.53,16.84,1.53,2.55,3.57,0,0.51,3.06,4.08,1.02,0.51,0,0.51,0,1.53,0,1.53,0,0,14.8,1.53,6.12,6.63,1.02,4.59,0,0,0,0.51,2.55,0,0,0,8.67,2.55,0,0,0,0,0,0,0.51,0,0,11.73
7157,Horn,4/28/1999,House,Kosovo,CA,0,R,7157,Horn,4,28,99,476,12.53,20.59,77.94,53.36,11.97,7.35,0.84,1.68,0,2.1,2.73,4.62,8.19,15.76,12.61,4.41,5.88,2.73,2.94,10.29,5.46,1.89,1.47,1.26,0,11.34,0,0,1.47,5.88,3.99,1.89,0,0.84,0.63,14.71,1.05,1.68,4.2,1.05,0.42,1.05,4.2,2.52,0.63,0,0.63,0,0.84,0.84,0,0,0,11.55,2.94,6.51,2.1,2.52,2.31,0,0,0,0.21,0.42,0,0,0,8.61,4.83,0,0.63,0,0,0.42,0,0,0.21,0,14.92
651,Hoyer,10-Mar-98,House,Kosovo,MD,1,D,651,Hoyer,3,10,98,914,19.87,35.56,68.82,43.22,7.44,3.61,1.31,0.98,0,0.33,0.98,3.83,8.97,7.66,4.92,1.53,3.72,0.98,1.53,14.22,5.25,0.88,1.53,0.66,0,7.55,0.11,0.33,2.52,4.27,1.75,2.52,0.44,1.86,0,13.35,1.42,1.31,1.64,1.2,1.2,1.97,4.7,1.09,1.09,0.22,0.88,0,0.44,0,0.33,0.11,0,13.35,1.75,7.33,4.16,2.3,1.86,0.22,0.33,0.22,0.33,0.11,0.22,0,0,6.02,7.88,0,0,0.11,0,0.55,0,0.77,0.55,0.33,16.74
1106,Hoyer,17-Mar-98,House,Kosovo,MD,1,D,1106,Hoyer,3,17,98,808,16.83,34.53,71.78,45.54,8.17,3.84,2.23,1.11,0,0.37,0.12,4.33,7.55,8.91,5.45,2.35,4.7,0.74,1.73,14.48,5.45,0.87,1.98,1.11,0,7.43,0,0.74,2.85,4.83,1.73,3.09,0.62,1.86,0.37,16.71,2.35,1.86,1.36,1.61,1.49,1.36,5.57,1.98,2.23,0.25,1.98,0,0.25,0,0.25,0,0,9.03,1.24,5.2,2.6,2.1,1.86,0,0.37,0,0.12,0.5,0.25,0,0.12,6.93,10.52,0,0.12,0.25,0,0.5,0,0.99,0,0,19.31
7106,Hoyer,4/28/1999,House,Kosovo,MD,1,D,7106,Hoyer,4,28,99,909,15.95,24.86,78.88,51.27,12.43,7.48,1.98,3.96,0.11,1.1,0.33,4.95,8.03,9.79,7.04,2.2,4.73,1.32,2.53,15.18,5.61,1.43,0.77,2.2,0,11.77,0,0.22,3.41,4.4,2.09,2.31,0.11,1.76,0.22,15.84,1.65,1.87,0.99,1.1,1.43,1.43,5.94,2.2,3.08,0.44,2.42,0.22,0.66,0.22,0.22,0,0.22,11.55,1.65,6.16,3.3,2.31,2.31,0.11,0.77,0.33,0.11,0.55,0.33,0,0,7.26,6.6,0.11,0.22,0.11,0,0.77,0,0.33,0.66,0,16.72
7071,Hunter,4/28/1999,House,Kosovo,CA,1,R,7071,Hunter,4,28,99,709,27.27,22.14,77.57,56.14,14.1,8.6,3.67,4.09,0,0,0.85,5.5,5.5,9.87,7.48,1.13,7.05,0.71,3.81,14.81,6.63,1.41,2.82,2.68,0,8.18,0,0.42,1.27,5.08,3.67,1.41,0.14,0.99,0.14,17.63,0.85,1.13,1.97,1.83,1.41,0.85,8.04,2.82,0.85,0,0.56,0.28,0.42,0,0.28,0.14,0,12.55,1.97,6.77,3.95,2.82,3.39,0.85,0,0,0.14,0.42,0.14,0.14,0.28,4.09,4.65,0.14,0.28,0,0,0.14,0,0,0.14,0.28,9.87
7136,Istook,4/28/1999,House,Kosovo,OK,0,R,7136,Istook,4,28,99,125,13.89,29.6,80,48,10.4,6.4,2.4,2.4,0,1.6,0,4,7.2,8.8,4.8,2.4,4,1.6,3.2,10.4,5.6,5.6,0.8,2.4,0.8,7.2,0,0,1.6,8.8,2.4,6.4,0,5.6,0.8,13.6,0.8,0.8,0.8,0,2.4,0.8,3.2,5.6,2.4,0,1.6,0.8,0.8,0.8,0,0,0,13.6,2.4,4.8,5.6,5.6,7.2,0,0,0,0,2.4,0.8,0,0,7.2,9.6,0,0,0,0,0.8,0,0,0,0,17.6
1111,Jackson-Lee,17-Mar-98,House,Kosovo,TX,1,D,1111,Jackson-Lee,3,17,98,488,15.25,36.07,65.98,38.73,7.17,3.69,1.02,2.25,0,0.2,0.2,3.48,8.4,9.43,4.92,0.61,4.92,1.43,1.02,11.89,3.07,1.02,1.23,1.02,0,8.2,0,0.41,2.25,5.33,3.28,2.05,0.41,1.23,0.2,11.89,1.23,1.84,1.02,0.2,2.05,0.82,3.69,1.02,1.84,0.41,1.23,0.2,0.2,0,0,0,0.2,12.91,2.46,5.53,4.3,3.48,2.05,0.41,0,0.2,0.41,0.41,0,0,0.2,7.99,4.71,0.61,0.41,0,0,0.41,0,3.28,0.2,0.41,18.24
7006,Jackson-Lee,4/12/1999,House,Kosovo,TX,1,D,7006,JacksonLee,4,12,99,1200,22.22,24.33,80.17,52.42,12.25,6.42,1.5,3.25,0,0.92,0.75,5.83,7.92,11.5,8,2.33,6.33,1.83,1.5,14.58,5.92,1.25,1.83,0.83,0,10.83,0.92,0.17,2.08,5.92,3.25,2.58,0.5,1,0.75,16.5,1.5,1.58,2,0.92,1.67,0.83,7.67,1.83,1.42,0.08,0.83,0.5,0.25,0.08,0.08,0,0.08,13.33,2,7.25,3.67,1.58,1.58,0.83,1.17,0.33,1,0.92,0,0,0.08,4.92,5.08,0,0.17,0,0,0.25,0,0.33,0,0.08,10.83
7027,Jackson-Lee,4/22/1999,House,Kosovo,TX,1,D,7027,Jackson-Lee,4,22,99,219,18.25,21,85.39,55.25,17.35,10.96,0.91,9.13,0,0,0.91,6.39,4.57,18.26,11.42,2.28,15.53,0.46,0,13.7,5.94,1.83,1.37,0.46,0,21,0.46,0.46,4.11,7.76,4.11,3.65,0.91,2.28,0.46,24.2,1.83,0.91,2.74,1.37,0.91,0.91,12.79,2.74,1.83,0.46,1.37,0,1.83,0,0.46,1.37,0,7.76,0.46,5.48,1.37,0.91,0.91,0.46,0.46,0,1.37,0,0.91,0,0,6.39,8.68,0,0,0,0,0,0,0,0.91,0,16.89
7054,Jackson-Lee,4/28/1999,House,Kosovo,TX,1,D,7054,JacksonLee,4,28,99,3526,17.28,26.43,78.05,51.67,12.25,6.78,2.04,3.86,0,0.28,0.6,5.47,7.54,10.49,7.63,0.85,6.41,2.18,2.35,14.07,5.36,1.79,1.64,1.28,0,8.37,0,0.37,1.28,6.95,3.72,3.2,0.57,1.93,0.28,18.26,2.69,1.47,2.61,1.47,1.82,1.39,6.01,2.41,1.62,0.4,0.82,0.34,0.77,0.45,0.17,0.11,0.03,11.34,1.33,5.76,3.74,1.99,2.89,0.4,0.34,0.45,0.03,1.56,0.03,0.03,0.11,6.35,4.82,0.03,0.09,0,0,0.2,0,0.2,0.06,0,11.8
7138,JohnsonS,4/28/1999,House,Kosovo,TX,1,D,7138,JohnsonS,4,28,99,1090,13.62,24.59,80.83,52.39,11.47,7.61,2.2,3.03,0.92,0.37,1.1,3.85,7.8,12.29,9.17,2.57,7.06,1.74,4.86,11.01,5.23,1.47,1.93,1.28,0,12.29,1.19,0.09,1.38,8.07,2.84,5.23,0.37,3.21,0.83,17.52,2.66,2.11,1.83,1.65,1.65,1.47,5.87,1.83,0.73,0.09,0.64,0,0.64,0.09,0.55,0,0,10.28,1.28,4.95,4.04,1.83,2.39,0.18,0.46,0.83,0,2.29,0,0,0,6.97,5.69,0,0,0.92,0,1.28,0,0.83,0,0.18,15.87
7153,Jones,4/28/1999,House,Kosovo,NC,0,R,7153,Jones,4,28,99,307,16.16,29.64,78.5,48.21,12.7,7.17,2.61,4.56,0,0,0,5.54,7.82,9.45,7.49,0.98,5.86,1.95,3.58,13.68,1.95,1.95,0.65,0,0,8.79,0,0.98,0.65,7.17,2.28,4.89,0.33,3.58,0.33,16.94,2.61,2.61,1.95,1.63,1.3,2.28,3.91,1.63,1.3,0,0.98,0.33,0.33,0.33,0,0,0,10.42,0.33,6.84,2.93,4.23,3.91,1.3,0,0.33,0,2.93,0,0,0,6.51,2.61,0,0,0,0,0.33,0,1.63,0,0,11.07
7024,Kasich,4/21/1999,House,Kosovo,OH,0,R,7024,Kasich,4,21,99,1388,22.75,27.74,77.74,50.79,9.73,4.9,0.58,3.46,0,0.36,0.5,4.83,8.86,11.6,8.5,1.44,5.76,2.74,2.74,13.98,5.33,1.22,2.16,0.72,0,7.64,0.07,0,0.36,6.99,4.39,2.59,0.36,1.01,0.58,18.66,2.45,2.45,3.03,2.31,1.66,1.22,5.19,2.16,0.86,0.29,0.29,0.14,0.29,0.07,0.22,0,0,11.6,1.22,6.84,3.31,2.74,4.03,0.43,0,0.14,0.22,0.58,0.07,0.07,0,4.18,4.61,0.07,0,0.5,0,0.79,0,0.22,0,0,10.37
7029,Kasich,4/27/1999,House,Kosovo,OH,0,R,7029,Kasich,4,27,99,1258,21.32,29.89,76.39,50.48,8.98,4.29,1.11,2.7,0,0.24,0.24,4.69,9.54,11.21,8.59,1.19,6.28,2.46,3.58,13.43,5.33,1.43,1.51,0.56,0,6.28,0,0.08,0.64,5.09,3.34,1.75,0.48,0.64,0.4,19.48,3.18,3.26,3.1,1.51,1.11,1.27,5.09,2.78,0.79,0.08,0.32,0.32,0.56,0.16,0.24,0,0.16,11.84,1.03,6.2,4.61,3.58,2.86,0.48,0,0.16,0.08,0.08,0,0.08,0.08,5.09,4.13,0.08,0.16,0.32,0,0.72,0,0.48,0.16,0.32,11.61
7105,Kasich,4/28/1999,House,Kosovo,OH,0,R,7105,Kasich,4,28,99,596,17.03,21.81,81.38,58.56,12.25,6.38,0.67,5.54,0,0,0.17,5.87,8.39,15.94,13.59,1.17,8.22,3.36,4.19,12.42,5.03,2.18,1.01,1.85,0,8.89,0,0,1.51,4.03,2.01,2.01,0.34,0.67,0.34,20.81,2.85,1.51,3.69,2.35,1.68,0.84,6.71,3.52,0.5,0.17,0.17,0.17,0.5,0,0.5,0,0,13.42,1.34,7.89,3.86,1.51,3.69,0.17,0.17,0.34,0.34,0,0,0.34,0,5.37,6.21,0,0.17,0.5,0,0.17,0,0.17,0,0,12.58
682,Kelly,5-Mar-98,House,Kosovo,NY,1,R,682,Kelly,3,5,98,126,18,42.86,64.29,40.48,5.56,2.38,0.79,1.59,0,0,0,3.17,8.73,7.94,4.76,0.79,3.97,0.79,0.79,15.87,3.17,0.79,0.79,0.79,0,4.76,0,0,1.59,3.17,1.59,1.59,0.79,0,0,11.9,0,3.17,0.79,0,0.79,0.79,5.56,0.79,1.59,0,1.59,0,0,0,0,0,0,12.7,0,3.97,8.73,3.97,3.97,0,0,0,0,0,0,0,0,6.35,3.17,0,0,0,0,0,0,0,0,0,9.52
684,Kelly,24-Mar-98,House,Kosovo,NY,1,R,684,Kelly,3,24,98,613,14.95,33.77,71.29,45.02,9.95,5.71,1.31,4.08,0.16,0,0.16,4.24,6.85,9.79,6.2,2.94,5.06,1.14,2.61,12.72,4.57,0.65,1.96,0.98,0,8.32,0,0.16,1.96,4.08,1.31,2.77,1.14,0.65,0.49,16.15,2.28,2.61,2.28,0.65,1.14,1.79,5.87,0.65,1.79,0.16,0.98,0.49,0.33,0.16,0,0,0.16,11.26,1.79,5.55,3.75,2.28,2.45,0,0,0.65,0.16,0.16,0.16,0.16,0,7.01,4.24,0,0,0.16,0,0.16,0,0.82,0,0,12.4
683,Kelly,22-May-98,House,Kosovo,NY,1,R,683,Kelly,5,22,98,302,21.57,39.07,71.19,42.38,5.63,2.65,0.99,0,0,0.33,1.32,2.98,9.93,7.62,5.63,3.64,2.32,0.99,1.66,11.26,4.64,0.99,2.32,1.66,0,8.94,0.99,0,2.65,4.97,3.31,1.66,0,0.99,0.33,10.26,0.66,0.99,0.99,0.66,0.99,2.32,2.98,1.66,1.32,0,1.32,0,0.99,0,0,0,0.99,12.58,1.32,5.96,5.3,5.96,0.66,0.33,0.33,0.33,0.99,0.33,0,0.33,0,5.3,8.28,0,0,0,0,0.99,0,0,0,0.33,14.9
680,Kelly,5-Jun-98,House,Kosovo,NY,1,R,680,Kelly,6,5,98,423,16.27,36.64,70.92,44.44,5.67,2.84,0.71,0.71,0,0.47,0.95,2.84,8.04,10.87,7.57,1.89,6.38,1.42,1.89,14.89,2.36,0.71,3.31,1.18,0,6.62,0,0,2.36,6.38,1.89,4.49,0.71,1.89,1.18,10.64,0.24,2.6,1.18,0.24,1.89,1.18,3.31,0.47,1.42,0.24,1.18,0,0.47,0.24,0.24,0,0,13.48,2.13,6.38,4.73,3.78,4.02,0,0.47,0.24,0.24,1.42,0,0,0,8.04,4.02,0,0,0.24,0,0.24,0,0,0,0,12.53
681,Kelly,25-Jun-98,House,Kosovo,NY,1,R,681,Kelly,6,25,98,467,14.15,32.12,71.95,43.47,9.42,4.07,0.86,0.86,0,1.5,0.86,5.35,7.07,7.49,4.5,1.07,4.93,1.28,2.78,11.35,5.35,0.86,2.57,0.64,0,9.21,0.21,0.21,3.43,5.35,1.93,3.21,0.86,1.28,0.64,13.06,1.28,1.93,0.86,3.21,1.93,0.43,3.64,1.28,2.36,1.07,1.07,0.64,0.21,0,0.21,0,0,12.63,3.21,4.28,5.14,1.5,1.07,0.21,0.43,0.21,0,0.86,0,0,0,6.21,7.92,0,0,1.07,0,0,0,0,0.43,0,16.06
7066,Kind,4/28/1999,House,Kosovo,WI,1,D,7066,Kind,4,28,99,655,12.6,22.75,78.02,53.44,12.21,6.56,1.98,3.05,0,0.31,1.22,5.65,8.09,13.89,10.38,1.98,7.94,2.44,2.14,12.21,5.34,1.53,1.83,2.29,0,10.08,0,0.15,2.75,4.12,3.21,0.92,0.31,0.31,0.15,14.2,1.68,0.76,1.07,1.68,1.68,1.07,5.34,1.68,1.22,0.31,0.92,0,0.15,0.15,0,0,0,16.18,1.37,6.87,7.79,0.92,1.37,0,0.31,0.15,0.31,0.61,0,0.15,0,8.85,3.97,0,0.15,0.31,0,0.92,0,0.31,0.15,0,14.81
7093,King,4/28/1999,House,Kosovo,NY,1,R,7093,King,4,28,99,247,17.64,30.36,77.73,45.75,8.91,4.05,2.43,0.4,0,1.21,0,4.86,10.12,8.1,4.45,3.24,4.86,0,1.62,17.41,5.67,0,1.62,1.21,0,5.67,0,0,2.02,6.88,4.05,2.83,0.81,1.21,0.81,9.72,0,1.62,0.4,0.81,2.02,2.83,1.62,0.81,2.02,0,2.02,0,0.81,0.4,0.4,0,0,13.77,2.02,6.48,4.45,4.45,6.48,0.81,0.4,0,0.4,0.81,0,0,0,6.07,4.05,0,0,0,0,0,0,0.4,0,0,10.53
7084,Kolbe,4/28/1999,House,Kosovo,AZ,1,R,7084,Kolbe,4,28,99,526,16.44,27.95,78.33,50.19,11.79,6.46,1.71,3.8,0.19,0.19,0.57,5.32,7.79,8.56,5.89,1.33,5.89,0.95,1.9,14.45,5.13,1.71,2.66,1.52,0,10.08,0,0,0.95,6.27,2.85,3.23,0.19,1.33,0.19,16.16,1.9,2.66,1.33,1.52,1.14,0.57,5.7,1.52,2.47,1.14,1.14,0.19,0.38,0.19,0.19,0,0,12.17,1.52,7.03,3.23,3.23,3.42,0.95,0.19,1.33,0.38,0.76,0,0,0,6.65,4.94,0,0.38,0,0,0.38,0,0.19,0.19,0,12.93
7047,Kucinich,4/28/1999,House,Kosovo,OH,0,D,7047,Kucinich,4,28,99,1310,16.17,27.4,79.08,47.71,8.47,4.5,0.69,3.05,0,0.38,0.38,3.97,8.4,11.76,8.17,0.76,7.48,2.52,2.37,12.21,5.5,1.53,2.14,1.22,0,9.69,0.15,0,2.44,8.17,4.5,3.66,0.08,2.9,0.61,19.24,2.9,2.44,2.67,1.76,2.6,1.3,5.34,2.75,2.21,0.46,1.53,0.15,0.61,0.23,0.23,0.08,0.08,10.53,1.53,5.27,3.44,2.44,3.66,0.23,0.53,0.31,0.23,2.29,0.08,0,0,6.87,7.63,0,0.31,0,0,0.08,0,0.23,0.08,0,15.27
1105,Lampson,17-Mar-98,House,Kosovo,TX,1,D,1105,Lampson,3,17,98,317,31.7,29.65,78.55,52.68,13.25,6.94,3.47,0.95,0,0.32,2.21,6.31,5.36,11.36,8.2,3.79,5.36,0.95,3.79,16.09,5.99,0,1.89,0.63,0,12.3,0.95,0.63,2.52,5.36,3.15,2.21,0.63,1.26,0,14.2,1.58,1.26,1.26,1.58,2.52,1.26,3.79,1.26,1.26,0.32,0.32,0.63,1.58,0.63,0.95,0,0,12.93,2.52,5.99,4.42,1.26,1.26,0.32,0.32,0.63,0.32,0.32,0.32,0.32,0,3.47,6.62,0,0,0,0,0.63,0,1.58,0,0,12.3
734,Lantos,24-Mar-99,House,Kosovo,CA,1,D,734,Lantos,3,24,99,133,13.3,23.31,80.45,52.63,7.52,6.02,0.75,0,0,5.26,0,1.5,7.52,9.77,8.27,2.26,7.52,0,4.51,12.03,9.02,0.75,5.26,0.75,0,14.29,0,0,6.02,6.02,1.5,4.51,1.5,1.5,0.75,10.53,1.5,0.75,0.75,2.26,0.75,0,5.26,1.5,0.75,0,0.75,0,0,0,0,0,0,14.29,0.75,5.26,6.77,1.5,1.5,0,0,0,0,0.75,0,0,0,8.27,3.76,0,0,0,0,0,0,0,0,0,12.03
7037,Lantos,4/28/1999,House,Kosovo,CA,1,D,7037,Lantos,4,28,99,1280,17.53,24.14,79.22,53.52,13.28,5.23,1.88,1.95,0,0.94,0.47,8.05,8.28,10.78,7.42,2.81,6.33,0.94,2.03,14.14,4.22,1.33,2.89,2.58,0,7.58,0.08,0.86,1.41,6.17,3.28,2.89,0,1.8,0.78,14.3,2.27,1.17,1.09,1.33,1.41,0.94,4.69,1.72,1.8,0.62,0.94,0.16,0.94,0.62,0.23,0.08,0,11.09,0.78,5.55,4.53,2.27,2.73,0.31,0.23,0.23,0,1.09,0,0,0,6.25,6.64,0,0,0,0,0.47,0,0.39,0.16,0.16,14.22
737,Leach,23-Mar-99,House,Kosovo,IA,0,R,737,Leach,3,23,99,394,21.89,24.37,82.74,50.51,6.09,2.79,0.25,1.27,0,0.76,0.51,3.3,9.14,11.68,8.63,1.02,6.09,1.78,2.28,17.26,5.08,0.76,2.03,0.76,0,4.82,0,0,1.02,5.08,2.28,2.79,0.51,2.03,0,16.24,3.05,3.05,1.02,3.55,0.51,2.03,2.28,3.05,1.78,0.25,0.76,0.76,1.02,1.02,0,0,0,15.99,2.03,9.9,3.3,3.05,4.82,0.51,0.51,0.25,0,0.25,0,0,0,4.82,3.81,0,0,0,0,0.51,0,1.02,0,0,10.15
7141,Leach,4/28/1999,House,Kosovo,IA,0,R,7141,Leach,4,28,99,2926,25.22,30.21,76.49,49.52,7.93,2.9,0.82,1.54,0,0.31,0.24,5.02,9.36,9.95,7.11,1.95,5.78,1.3,2.67,15,4.85,1.2,1.98,1.47,0.03,4.89,0.03,0.03,0.41,5.74,2.43,3.32,0.48,1.91,0.51,16.71,2.53,3.11,1.37,2.22,1.26,0.79,4.61,2.19,0.38,0.03,0.14,0.21,0.89,0.38,0.27,0.17,0.07,14.42,1.91,8,4.14,2.56,3.21,0.21,0.14,0.07,0.14,1.26,0.07,0.17,0.07,4.68,4.65,0.14,0.1,0.07,0,1.13,0,0.75,0.17,0.24,12.1
7152,Lee,4/28/1999,House,Kosovo,CA,0,N,7152,Lee,4,28,99,1914,22.79,25.81,77.9,51.04,10.76,6.06,2.51,2.72,0,0.52,0.31,4.7,9.61,9.82,6.32,1.41,6.48,1.52,1.78,14.84,6.01,0.78,2.04,1.46,0,6.64,0,0.1,0.94,6.48,3.5,2.98,0.52,1.78,0.68,14.52,1.67,1.31,1.62,1.15,1.46,1.41,5.69,1.31,0.89,0.1,0.63,0.16,0.42,0,0.42,0,0,14.32,1.83,7.31,4.96,3.19,2.46,0.16,0.26,0.1,0.73,1.46,0.26,0,0.1,5.33,6.9,0.1,0.26,0.05,0,0.31,0,1.04,0,0.73,14.73
7058,Levin,4/28/1999,House,Kosovo,MI,1,D,7058,Levin,4,28,99,268,17.87,18.28,84.33,55.97,10.07,4.85,1.87,1.87,0,0.37,0.75,5.22,7.46,13.81,9.33,3.36,6.72,2.24,3.73,12.31,6.72,1.87,4.85,1.49,0,8.58,0,0,1.49,4.85,1.87,2.99,0,0.75,0.37,20.15,1.49,2.61,2.99,3.73,0.75,1.12,4.48,4.48,1.12,0.75,0.37,0,1.12,0,1.12,0,0,12.69,2.99,7.46,2.24,2.24,2.61,0,0.75,0.37,0,1.49,0,0,0,4.85,5.97,0.37,0.37,1.12,0,1.12,0,0.75,0,0.75,15.3
1109,LevinS,17-Mar-98,House,Kosovo,MI,1,D,1109,Levin,3,17,98,127,9.77,25.98,79.53,46.46,12.6,5.51,2.36,2.36,0,0.79,0,7.09,3.94,6.3,3.94,2.36,1.57,0.79,4.72,14.96,3.94,1.57,1.57,0.79,0,11.02,0,0,4.72,3.94,1.57,2.36,0,2.36,0,15.75,3.15,0,0.79,0,2.36,2.36,5.51,0.79,2.36,0,2.36,0,1.57,1.57,0,0,0,12.6,3.15,6.3,3.15,1.57,0.79,0,0.79,0,0,3.15,0,0,0,11.02,5.51,0,0,0,0,0.79,0,0,0,0,17.32
739,LevinS,8-Jul-98,House,Kosovo,MI,1,D,739,Levin,7,8,98,877,25.06,31.24,71.49,44.36,6.16,2.85,0.68,0.46,0,0.8,0.91,3.31,6.96,10.49,5.36,1.94,4.33,1.25,1.82,17.45,5.59,0.46,2.28,0.23,0,5.59,0,0.11,0.91,6.16,3.31,2.85,0.46,1.6,0.46,16.65,1.6,3.08,1.6,1.37,1.48,2.28,5.7,0.68,0.23,0,0,0.23,0.8,0.46,0.34,0,0,13.23,2.17,7.75,3.08,4.79,2.74,0.11,0.46,0.11,0.34,0.34,0,0.23,0,4.22,4.56,0.11,0,0,0,0.34,0,1.03,0,0,10.26
7042,Linder,4/28/1999,House,Kosovo,GA,0,R,7042,Linder,4,28,99,320,13.33,14.38,85.31,58.44,17.81,6.56,3.44,2.81,0,0.31,0,11.25,5.94,16.56,10.94,3.75,9.38,1.88,4.06,10.31,5.62,1.88,0.94,4.06,0,7.19,0,0,1.88,4.06,1.25,2.81,0,1.56,0.31,17.5,2.19,0.94,3.12,2.19,0.94,0.62,5,3.75,1.88,0,1.88,0,1.56,1.56,0,0,0,14.38,0.62,8.44,5.31,0.31,1.25,0.94,0.31,0.31,0,2.81,0,0,0,7.19,5.62,0,0.31,0.31,0,0.31,0,0,0.31,0,14.38
7076,Lipinski,4/28/1999,House,Kosovo,IL,0,D,7076,Lipinski,4,28,99,822,13.7,28.59,75.91,49.51,9.85,6.2,2.55,2.55,0,0.24,0.85,3.65,6.69,11.31,8.88,1.82,5.47,3.16,2.31,14.11,5.96,1.82,0.97,2.8,0,7.66,0,0.24,2.19,5.96,3.77,2.19,0.12,0.73,0.85,17.76,2.07,1.7,3.28,1.34,1.22,1.58,5.6,2.31,0.85,0,0.73,0,0.12,0,0.12,0,0,11.07,1.09,5.23,4.74,3.41,3.65,0.61,0.36,0.61,0.12,0.49,0.24,0,0,8.88,4.14,0.24,0.12,0.61,0,0.36,0,1.95,0.12,0.73,17.27
7134,Manzullo,4/28/1999,House,Kosovo,IL,0,R,7134,Manzullo,4,28,99,228,22.8,24.56,77.19,47.81,9.65,5.26,1.32,1.32,0.88,0.88,0.88,4.39,7.02,9.65,6.14,0.44,7.46,0.88,0.88,14.04,5.7,0.44,2.19,5.7,0,10.09,0,0.44,1.32,5.7,0.44,5.26,0,5.26,0,16.67,2.63,3.07,2.19,3.07,0.88,1.32,5.26,1.32,0.88,0,0.44,0.44,1.32,0.44,0.88,0,0,10.96,0.44,8.33,1.32,2.19,0.88,0,0,1.32,0.44,3.95,0,0,0,4.39,9.21,0.88,0,1.75,0,0,0,1.32,0,0.88,18.42
7068,Markey,4/28/1999,House,Kosovo,MA,1,D,7068,Markey,4,28,99,295,22.69,25.08,79.32,52.88,14.24,9.15,4.07,4.41,0,0.34,0.34,5.08,9.49,13.56,9.15,1.69,6.78,3.73,2.71,10.17,6.44,1.02,1.36,0,0,8.14,0,0,2.03,3.39,1.69,1.69,0.34,1.02,0.34,22.03,4.07,2.71,3.05,1.02,1.02,2.37,6.44,1.69,1.02,0,1.02,0,0,0,0,0,0,10.17,1.69,5.42,3.05,1.36,2.71,0,1.02,0,0,1.02,0.34,0,0,4.75,3.73,0,0,0,0,0.34,0,0.34,0.34,0,9.83
7073,McCarthy,4/28/1999,House,Kosovo,MO,1,D,7073,McCarthy,4,28,99,771,17.93,31,72.5,47.6,9.86,5.58,1.04,3.5,0,0.26,0.78,4.28,8.56,7.13,5.45,0.39,4.54,1.56,1.04,15.43,5.32,0.78,1.95,1.69,0,8.56,0,0,2.08,6.1,3.89,2.2,0.26,1.3,0.39,15.43,1.69,2.33,1.3,0.65,1.56,2.33,5.58,1.17,0.39,0.13,0.13,0.13,0.39,0.13,0.26,0,0,12.58,1.82,6.74,3.89,3.5,3.76,0.26,0.26,0.39,0.13,0.65,0.13,0,0,7.26,4.93,0.13,0.13,0,0,0.26,0,1.43,0.26,0.52,15.18
7127,McCollum,4/28/1999,House,Kosovo,FL,0,R,7127,McCollum,4,28,99,1351,30.7,29.61,75.72,48.56,7.62,2.07,1.11,0.52,0,0.37,0.07,5.55,8.81,9.62,7.25,1.63,5.48,1.26,2.59,14.06,5.92,1.78,1.7,0.44,0,4.07,0,0.07,0.89,6.96,3.85,3.11,0.15,2.15,0.37,16.21,2.29,3.48,1.48,2.15,1.41,1.18,4.15,2.29,0.22,0,0.22,0,0.3,0,0.22,0.07,0,10.51,1.48,5.92,3.11,3.7,2.59,0.15,0.37,0.81,0.37,1.92,0.15,0.15,0,3.7,3.48,0,0,0.3,0,0.22,0,1.33,0.07,0.67,9.84
7051,McDermott,4/28/1999,House,Kosovo,WA,1,D,7051,McDermott,4,28,99,173,15.73,15.61,85.55,54.34,16.18,7.51,1.73,5.78,0,0,0,8.67,8.09,11.56,6.36,4.62,5.78,0.58,3.47,13.87,4.05,1.16,1.73,4.05,0,11.56,0,0,3.47,2.89,0.58,2.31,0,1.73,0.58,19.08,2.89,0,1.16,2.31,1.73,0.58,9.25,3.47,2.89,0,2.89,0,0.58,0,0.58,0,0,14.45,1.73,5.78,6.36,0,1.73,0.58,0.58,1.16,0,3.47,0,0,0,5.78,4.62,0,0,0.58,0,0,0,0.58,0,0,11.56
7044,McKinney,4/28/1999,House,Kosovo,GA,0,D,7044,McKinney,4,28,99,358,12.79,30.17,77.09,51.96,11.73,6.42,3.07,3.07,0,0,0.28,5.31,8.94,11.73,8.66,2.23,8.94,0.28,3.35,12.01,5.31,1.12,2.51,0.28,0,7.26,0.56,0,0.84,6.15,3.35,2.23,0.28,1.12,0.28,12.57,1.68,0.84,0.84,1.4,1.12,0.56,5.59,2.23,1.12,0,1.12,0,1.12,0.56,0.56,0,0,12.01,2.23,7.26,2.51,3.91,1.68,0.28,0,0.56,0.28,1.4,0,0,0,8.1,5.03,0,0,0.28,0,0,0,0.84,0,0,14.25
7043,McNulty,4/28/1999,House,Kosovo,NY,1,D,7043,McNulty,4,28,99,125,15.62,24.8,81.6,49.6,14.4,8.8,7.2,1.6,0,0,0,5.6,8.8,9.6,5.6,0,8,0.8,4,10.4,5.6,0,0.8,3.2,0,7.2,0,0.8,3.2,3.2,3.2,0,0,0,0,13.6,1.6,4,0.8,0,0,4,4,0,3.2,0,3.2,0,0,0,0,0,0,12,0.8,7.2,3.2,0.8,3.2,0.8,0,0,0,0,0,0,0,8,10.4,0,0,0,0,0,0,0.8,0,0,19.2
7126,Meeks,4/28/1999,House,Kosovo,NY,1,D,7126,Meeks,4,28,99,417,15.44,22.78,78.42,50.36,10.55,6.47,4.56,1.68,0,0,0.24,4.08,7.91,10.79,7.19,3.36,4.8,1.92,1.2,14.39,6.47,2.4,0.48,2.64,0,5.04,0,0.24,1.68,5.76,0.96,4.8,0.24,3.84,0,20.62,2.88,1.92,1.68,2.4,1.92,2.16,6.71,2.88,1.92,0,1.92,0,0.48,0,0.24,0.24,0,13.91,2.16,7.91,3.36,1.92,1.2,0,0.48,0,0,2.64,0,0,0.24,7.43,6.95,0.24,0.72,0,0,0,0,0,0,0,15.35
7086,Mink,4/28/1999,House,Kosovo,HI,0,D,7086,Mink,4,28,99,384,18.29,28.91,77.34,52.86,10.94,6.51,2.34,3.65,0,0,0.52,4.43,10.68,11.2,6.25,0.78,8.33,1.04,2.86,14.84,4.17,2.86,2.08,0,0,6.25,0,0,0.78,5.21,1.82,3.39,0.26,2.6,0.52,20.57,3.39,4.43,3.12,1.04,1.3,1.04,4.69,3.39,1.56,0,1.04,0.52,0,0,0,0,0,8.59,1.56,4.95,1.82,2.08,2.6,0,0.52,0.26,0,1.56,0.26,0,0,5.47,3.12,0.26,0,0.26,0,0.78,0,0,0,0,9.9
7039,Moakley,4/28/1999,House,Kosovo,MA,1,D,7039,Moakley,4,28,99,348,15.13,20.69,82.18,51.72,8.62,2.87,1.72,0.57,0,0.57,0,5.75,10.34,9.77,6.61,2.01,5.17,1.72,3.45,15.52,3.45,2.01,1.44,3.45,0,5.46,0,0.86,2.3,5.17,1.44,3.74,0,3.45,0,12.07,2.01,1.15,0.57,1.44,0.57,1.44,3.16,1.15,1.72,0,1.44,0.29,0.86,0.29,0.57,0,0,13.22,2.59,4.31,6.32,1.15,3.16,0.29,1.15,0,0,3.16,0,0,0,6.9,6.32,0,0,0,0,0.29,0,1.15,0.57,0.57,16.38
7119,Moran,4/28/1999,House,Kosovo,VA,1,D,7119,Moran,4,28,99,607,14.8,28.5,79.08,52.22,13.51,8.07,1.65,5.11,0,1.15,0.16,5.44,6.92,16.47,12.52,4.94,7.91,2.31,2.14,9.56,4.94,1.98,0.66,2.64,0,10.71,0,0.99,1.15,5.44,3.46,1.98,0,0.49,0.33,20.59,3.13,2.97,3.79,0.66,0.66,1.65,6.1,3.13,0.82,0,0.33,0,0.82,0,0.66,0.16,0,9.06,2.31,4.45,2.31,3.29,4.12,0.33,0.16,0.49,0.66,0,0,0,0,6.59,6.59,0.16,0.66,0.33,0,0.33,0,0.99,0.16,0.82,16.8
1110,MoranVA,17-Mar-98,House,Kosovo,VA,1,D,1110,MoranVA,3,17,98,458,13.88,29.91,74.67,49.13,11.57,6.55,1.09,1.31,0,1.09,3.06,5.02,7.42,10.04,5.68,3.06,4.37,0.22,3.71,14.19,5.24,0.22,1.75,1.75,0,10.92,0.66,0.66,3.49,6.11,1.97,4.15,0.44,3.28,0.22,10.92,0,1.97,0.44,0.87,0.44,1.31,5.46,0.66,0.66,0.44,0.22,0,1.75,0.44,1.09,0.22,0,11.14,0.66,6.77,3.71,4.15,0.87,1.09,0.87,0.44,0,0.22,0,0,0,7.86,8.08,0,0.22,0,0,0,0,0,0.44,0.22,17.25
685,MoranVA,24-Mar-98,House,Kosovo,VA,1,D,685,MoranVA,3,24,98,572,12.43,29.02,75,51.57,11.01,6.99,0.7,1.22,0.52,0.35,4.2,4.02,8.22,13.29,9.27,5.77,4.9,0.7,3.5,13.64,2.1,1.05,2.8,1.92,0,12.06,0.35,0,3.5,3.85,0.87,2.97,0.87,1.75,0.35,11.01,1.05,2.97,0.52,1.4,0.87,1.57,2.97,1.05,0.87,0.17,0.35,0.35,0.7,0.7,0,0,0,9.27,1.57,5.24,2.1,2.62,1.75,0.52,0.7,0.87,0.35,0.35,0,0,0,8.39,5.59,0,0,0.17,0,0,0,0,0.35,0,14.86
1107,Nadler,17-Mar-98,House,Kosovo,NY,1,D,1107,Nadler,3,17,98,451,17.35,39.47,70.29,41.91,8.2,3.55,0.67,2,0,0,0.89,4.66,5.32,9.09,6.65,1.55,2.88,3.1,2,12.64,4.88,2,1.55,0.22,0,5.1,0,0.22,0.89,6.87,0.89,5.99,0.44,4.66,0,15.96,0.22,2.22,2.44,0.44,2.88,1.33,6.65,1.33,0.67,0.44,0.22,0.22,0.22,0,0.22,0,0,12.64,1.77,4.43,5.76,3.33,2,0,0.89,0.22,0,2.66,0,0,0,6.43,3.55,0,0,0,0,0,0,1.11,0,0,11.09
7173,Nadler,4/28/1999,House,Kosovo,NY,1,D,7173,Nadler,4,28,99,418,16.72,24.4,82.54,54.55,11.96,5.98,0.96,4.31,0,0,0.72,5.98,6.94,13.88,10.05,1.67,7.42,3.83,2.15,13.88,5.98,2.63,2.15,0.96,0,7.66,0,0,1.2,5.5,2.39,3.11,0.24,1.44,1.2,25.12,1.91,3.59,3.35,1.2,2.87,2.39,8.61,2.63,0.72,0,0.48,0.24,0.96,0,0.48,0,0.48,12.2,1.67,5.74,4.31,0.96,2.39,0,0.48,0.48,0.24,2.15,0,0,0,6.7,5.5,0,0,0,0,0.48,0,0.48,0,0.48,13.64
7067,Norwood,4/28/1999,House,Kosovo,GA,0,R,7067,Norwood,4,28,99,990,15.71,19.7,85.35,57.88,16.67,10.71,3.23,4.14,1.01,1.31,1.01,5.96,6.77,14.65,9.6,1.52,9.7,2.32,3.23,13.23,4.95,2.02,1.82,0.71,0,14.75,0.81,0.1,2.63,5.15,2.53,2.63,0.1,1.72,0.2,20,2.53,2.22,2.73,2.53,1.31,0.71,7.17,3.23,2.12,0.1,1.92,0.1,0.1,0.1,0,0,0,11.41,2.63,5.15,3.64,2.32,1.82,0.2,0.1,0,0.4,0.71,0.2,0.3,0,6.97,5.86,0.2,0.3,0.4,0,0.51,0,0.4,0.1,0.4,15.25
7078,Nussle,4/28/1999,House,Kosovo,IA,0,R,7078,Nussle,4,28,99,416,17.33,28.61,76.92,50.24,9.62,5.77,1.92,2.88,0,0.24,0.72,3.85,8.41,11.06,8.41,0.96,8.89,0.72,2.88,12.74,3.37,2.16,2.64,2.16,0,6.73,0,0,0.48,6.49,2.64,3.61,0,2.88,0.48,17.31,2.64,1.44,1.92,1.2,1.92,1.2,5.53,1.68,1.2,0.48,0.48,0.24,0,0,0,0,0,13.22,1.68,7.45,4.09,2.88,2.88,0.48,0.48,0,0,2.16,0,0,0,8.65,4.81,0,0.24,0.24,0,1.44,0,0.72,0,0.48,16.59
7176,Obey,4/28/1999,House,Kosovo,WI,1,D,7176,Obey,4,28,99,535,20.58,26.36,79.63,55.89,13.27,4.49,1.87,1.12,0.37,0.19,0.93,8.79,8.6,12.9,8.04,2.8,7.66,0.75,1.87,15.14,4.67,2.06,2.06,1.68,0,5.05,0,0,0.37,2.8,2.06,0.75,0.37,0.37,0,13.64,1.87,2.24,1.12,1.5,1.68,0.56,2.8,2.24,1.12,0.93,0.19,0,0.19,0.19,0,0,0,17.57,2.06,7.85,6.73,1.87,3.74,0.37,0.37,0.75,0,0.37,0,0,0,4.67,4.86,0,0,0.19,0,0.75,0,0.56,0,0.75,11.78
782,Olver,3-Feb-99,House,Kosovo,MA,1,D,782,Olver,2,3,99,173,34.6,28.32,75.72,52.6,5.2,1.73,0,0,0,1.16,0.58,3.47,9.25,7.51,5.2,0.58,3.47,2.31,1.16,19.08,5.78,1.73,1.16,4.62,0,6.94,0,0,2.89,5.78,3.47,2.31,0,2.31,0,14.45,0.58,2.89,1.73,2.31,1.16,0.58,4.62,4.05,0.58,0,0.58,0,0,0,0,0,0,13.29,1.73,7.51,3.47,2.31,2.89,0.58,0.58,0,0,1.73,0,0,0,2.89,2.89,0,0,0,0,0,0,0,0,0,5.78
7137,Olver,4/28/1999,House,Kosovo,MA,1,D,7137,Olver,4,28,99,360,32.73,30.83,71.67,49.44,8.89,3.33,1.11,0.83,0,0.28,1.11,5.56,7.22,8.61,6.39,2.78,4.44,1.11,2.22,14.17,8.33,0.83,2.22,4.17,0,5.28,0,0,1.67,7.22,1.94,5.28,0.83,2.5,1.39,14.44,0.83,0.28,1.94,1.67,1.11,1.39,7.22,2.22,1.11,0.28,0.83,0,0.56,0,0.56,0,0,11.94,0.56,8.33,3.06,2.22,2.22,0,0.83,0,0.83,2.5,0,0,0,3.06,8.06,0,0,0,0,1.67,0,1.94,0,1.39,16.11
7145,Ose,4/28/1999,House,Kosovo,CA,0,R,7145,Ose,4,28,99,549,17.71,23.32,83.61,53.19,13.11,6.74,4.01,2.19,0.18,0.18,0.18,6.38,8.01,8.93,6.19,2,6.01,0,2.73,17.12,3.83,0.73,1.82,1.09,0,9.84,0,0.55,4.01,5.83,5.46,0.36,0,0.18,0,12.2,2.19,0.91,0.36,1.64,0.91,1.82,4.92,1.09,1.28,0.36,0.91,0,0.73,0.55,0.18,0,0,16.03,1.46,9.65,4.92,2,2.73,0.18,0.73,0.18,0.36,0,0.18,0,0.18,6.01,5.28,0,0.18,0,0,0,0,0.36,0.73,0,13.3
7082,Packard,4/28/1999,House,Kosovo,CA,0,R,7082,Packard,4,28,99,317,17.61,34.07,76.34,41.01,9.46,3.47,1.58,0.95,0,0.95,0,5.99,6.94,5.99,4.1,0.63,5.05,0.32,2.84,11.04,2.84,1.26,2.52,0.63,0.32,5.36,0,0,1.89,7.57,3.47,4.1,0.32,2.84,0.95,17.03,2.52,4.42,0.63,2.21,2.84,2.52,2.52,1.89,1.89,0,1.58,0.32,0.32,0.32,0,0,0,15.46,1.89,6.94,6.31,3.47,4.1,0.95,0.32,0,0,1.58,0.32,0,0,6.31,4.73,0,0,0,0,1.58,0,1.89,0,0,14.51
7005,Paul,4/12/1999,House,Kosovo,TX,0,R,7005,Paul,4,12,99,1530,19.87,31.63,76.21,47.97,6.01,2.48,0.26,1.31,0,0,0.92,3.53,7.84,10.92,8.5,2.42,5.95,1.11,3.07,13.66,6.86,2.03,2.16,1.44,0,5.75,0,0,0.52,9.22,3.27,5.82,0.46,4.12,0.26,17.12,2.42,3.33,1.37,1.9,2.48,1.57,4.77,2.03,0.65,0.2,0.46,0,0.46,0.2,0.13,0.13,0,11.5,1.5,5.75,4.05,2.42,2.55,0.2,0.2,0.52,0.39,2.75,0,0.26,0,5.1,5.29,0,0.07,0.52,0,1.05,0,1.9,0,0.39,14.31
7017,Paul,4/14/1999,House,Kosovo,TX,0,R,7017,Paul,4,14,99,724,19.05,23.07,83.15,59.25,12.98,5.25,1.38,2.9,0,0.14,0.83,7.73,8.84,14.92,11.33,2.9,9.53,0.97,4.28,12.85,5.25,2.07,2.21,1.1,0,7.46,0,0.14,1.1,6.35,2.49,3.87,0.28,2.9,0,17.82,2.21,3.59,1.24,2.07,1.93,0.97,4.7,3.31,0.69,0.14,0.41,0,0.14,0.14,0,0,0,12.71,1.8,6.91,3.59,1.8,0.97,0,0.28,1.38,0.83,1.66,0,0,0,5.25,5.11,0.28,0.14,0.14,0,0,0,0.14,0.28,0.14,11.74
7018,Paul,4/15/1999,House,Kosovo,TX,0,R,7018,Paul,4,15,99,140,15.56,25.71,77.14,57.14,7.86,2.14,0,2.14,0,0,0,5.71,10,15.71,13.57,2.14,10,2.86,4.29,6.43,5.71,5.71,4.29,0.71,0.71,2.86,0,0,0,9.29,2.14,7.14,0,5,0,22.14,0.71,2.14,4.29,1.43,2.14,2.86,5.71,6.43,0.71,0,0.71,0,0.71,0.71,0,0,0,7.86,0,3.57,4.29,1.43,1.43,0,0,0.71,0.71,5,0,0,0,6.43,5.71,0,0.71,0,0,0,0,0,0,0,12.86
7025,Paul,4/21/1999,House,Kosovo,TX,0,R,7025,Paul,4,21,99,3332,21.64,29.98,77.94,48.53,6.9,2.61,0.09,1.83,0,0.21,0.48,4.29,8.82,9.36,6.93,2.4,5.19,0.81,3.06,14.11,6.36,1.8,2.22,0.9,0,6.18,0,0.09,0.48,8.88,3.69,5.13,0.42,3.45,0.45,18.55,1.95,3.42,0.96,1.83,1.83,1.62,5.79,2.22,0.54,0.24,0.15,0.09,0.66,0.12,0.45,0.09,0,11.76,1.35,6.84,3.18,3.75,2.52,0.36,0.24,1.26,0.3,1.92,0.06,0.12,0,5.43,5.43,0,0.09,0.06,0,0.63,0,0.99,0,0.03,12.67
7036,Paul,4/28/1999,House,Kosovo,TX,0,R,7036,Paul,4,28,99,735,14.13,19.73,86.53,60.27,15.24,8.44,2.18,5.58,0.54,0,0.14,6.8,7.48,15.1,12.52,2.18,10.61,1.22,2.72,13.47,5.58,2.18,1.63,1.5,0,8.98,0,0,1.09,8.3,2.31,5.85,0.41,3.81,0,19.18,2.04,1.36,2.31,2.04,0.82,1.77,6.94,3.13,0.95,0.14,0.68,0.14,0.14,0,0.14,0.14,0,10.88,2.04,4.9,3.95,2.45,3.27,0,0.14,0.27,0,3.27,0,0,0.14,6.8,6.12,0,0.14,0.27,0,0,0,0.41,0.14,0,14.01
1113,Payne,17-Mar-98,House,Kosovo,NJ,1,D,1113,Payne,3,17,98,320,21.33,23.44,81.25,53.44,11.88,6.25,4.38,1.25,0,0,0.62,5.62,8.12,12.81,6.56,3.12,5.94,0.94,3.44,17.81,4.38,0.94,1.56,0.62,0,7.81,0.31,0,1.25,5,2.19,2.81,0.62,1.25,0.31,14.69,2.81,0.94,2.5,1.25,0.62,0.62,5.31,2.81,2.19,0.94,1.25,0,0.31,0.31,0,0,0,14.69,2.5,6.25,5.94,1.88,1.56,0.31,0.94,0.31,0,1.56,0,0,0,5,3.75,0,0,0,0,0.62,0,2.19,0.94,0,13.44
7172,Payne,4/28/1999,House,Kosovo,NJ,1,D,7172,Payne,4,28,99,263,13.84,20.15,83.27,55.51,14.07,9.51,1.52,7.98,0,0,0,4.56,5.7,11.79,7.6,1.9,8.37,0.38,6.84,15.59,5.32,0.38,2.28,2.66,0,16.35,0,1.14,4.56,6.46,3.04,3.04,0,1.52,0.38,15.21,0.76,1.14,1.14,1.9,0.38,0.38,9.51,0.76,3.8,0.76,3.04,0,0.76,0,0,0.76,0,15.97,3.04,8.75,4.18,0,0.76,0,0.76,0.38,0,0.38,0,0.38,0,6.46,8.37,0,0,0.76,0,0,0,0,0,0,15.59
7148,Pelosi,4/28/1999,House,Kosovo,CA,1,D,7148,Pelosi,4,28,99,791,16.83,19.47,85.08,60.18,15.42,7.59,3.16,3.41,0.13,0,0.88,7.84,9.48,13.65,8.34,1.39,10.62,0.25,4.93,16.18,5.56,2.28,1.64,1.01,0,11,0,0.13,2.28,5.44,2.65,2.78,0,1.39,0.38,13.78,1.9,1.26,1.9,0.63,1.01,0.51,4.17,2.4,2.28,0.38,1.9,0,0.51,0.25,0,0,0.25,11.13,1.39,5.94,3.79,1.52,1.39,0.88,0.13,0.63,0,0.88,0.38,0,0.13,6.19,4.93,0,0,0.13,0,0.25,0,1.26,0.25,0.76,14.03
7015,Pitts,4/14/1999,House,Kosovo,PA,0,R,7015,Pitts,4,14,99,178,17.8,26.4,75.84,53.37,8.43,3.93,1.12,1.12,0,0,1.69,4.49,8.99,10.11,6.74,1.12,8.43,0.56,5.62,15.73,5.62,2.81,1.69,0.56,0,5.62,0,0,0.56,10.67,4.49,6.18,0.56,4.49,1.12,15.73,1.69,1.69,0.56,1.69,3.37,1.69,2.81,3.93,1.12,0.56,0.56,0,0,0,0,0,0,10.11,0.56,6.74,2.25,1.69,3.93,0,0,1.12,0.56,2.25,0,0,0,7.87,5.62,0,0,0,0,0,0,1.69,0,0,15.17
7115,Pomeroy,4/28/1999,House,Kosovo,ND,1,D,7115,Pomeroy,4,28,99,592,16.91,28.55,78.21,50.68,12.16,7.6,3.21,2.7,0,0.68,1.01,4.56,7.77,8.95,7.09,1.01,5.74,1.18,3.72,13.51,4.9,1.35,2.03,1.52,0,9.63,0,0.68,2.36,4.9,2.7,2.2,0,1.18,0.51,15.37,1.52,1.86,2.7,1.35,1.18,1.86,3.89,2.87,1.18,0,1.01,0.17,0.17,0.17,0,0,0,13.34,1.69,7.43,3.89,1.35,1.35,0.17,0.34,2.03,0,0.34,0,0.17,0.17,8.78,5.57,0,0,0.17,0,0.51,0,0.68,0.17,0.34,16.39
7064,Reyes,4/28/1999,House,Kosovo,TX,1,D,7064,Reyes,4,28,99,413,19.67,27.36,83.29,57.14,18.4,12.11,3.15,6.54,0,0.73,1.69,6.3,7.51,11.38,6.54,1.45,6.54,2.42,4.12,12.11,6.78,1.94,1.21,0.24,0,13.56,0,0,1.45,5.81,2.42,3.39,0.24,2.91,0,21.55,2.66,2.66,2.91,1.45,1.21,1.94,6.54,4.12,1.94,0.24,0.73,0.97,1.21,0.97,0.24,0,0,10.65,0.48,5.81,4.6,0.97,0.48,0.24,0,0,0.24,0.97,0,0.24,0.24,5.57,5.57,0,0,0,0,0.73,0,0,0,0,11.86
7085,Rodriguez,4/28/1999,House,Kosovo,TX,1,D,7085,Rodriguez,4,28,99,439,12.54,21.18,81.32,53.3,12.07,8.2,0.23,6.83,0.23,0.68,0.23,3.87,7.52,14.12,11.16,3.87,7.29,2.05,1.82,11.16,6.38,2.28,1.59,1.37,0,10.48,0,0,0.91,7.06,2.28,4.78,0.68,2.28,0.68,23.69,1.14,2.51,4.1,2.05,2.28,1.37,9.11,3.64,0.68,0,0.23,0.46,0.68,0.46,0,0.23,0,14.12,2.96,5.24,5.47,2.73,3.64,0,0,0.46,0.46,1.14,0,0,0,7.74,5.47,0,0,0.23,0,0.68,0,0.46,0,0,14.58
7090,Rohrabacher,4/28/1999,House,Kosovo,CA,0,R,7090,Rohrabacher,4,28,99,1589,18.06,25.11,82,55.32,13.28,6.04,0.5,4.72,0,0.38,0.44,7.24,7.87,12.46,9.63,2.14,7.05,1.26,2.71,14.22,5.6,1.57,1.51,0.88,0,9.25,0.38,0.25,1.13,5.85,3.02,2.77,0.25,2.08,0,16.61,1.38,1.7,1.45,1.64,2.01,1.64,6.04,1.95,0.94,0,0.38,0.57,0.31,0.31,0,0,0,10.95,2.27,5.85,2.39,2.83,3.08,0.31,0.19,1.89,0.13,1.45,0.19,0.19,0.06,5.41,5.03,0,0,0.38,0,0.06,0,0.19,0.06,0,11.2
7104,Rothman,4/28/1999,House,Kosovo,NJ,1,D,7104,Rothman,4,28,99,516,22.43,23.06,76.74,52.52,12.6,7.17,2.33,3.68,0,0.39,0.78,5.43,8.53,10.47,6.98,0.39,6.59,1.94,2.13,13.37,6.78,1.74,1.16,1.16,0,8.33,0,0.58,1.55,3.88,0.97,2.91,0,1.74,0.39,20.35,1.55,2.13,3.49,2.33,0.78,2.52,6.4,3.29,1.16,0.19,0.58,0.39,0.97,0.78,0,0.19,0,12.4,1.55,5.81,4.65,2.33,2.71,0.19,0,0.58,0,1.55,0,0,0,4.46,6.4,0,0.39,0.19,0,0.39,0,1.16,0,0.39,13.37
7142,Royce,4/28/1999,House,Kosovo,CA,0,R,7142,Royce,4,28,99,340,18.89,32.94,82.35,51.47,13.53,9.12,2.06,6.47,0,0.59,0,4.41,7.35,13.82,9.71,3.82,7.35,0.29,6.18,11.47,5.29,1.76,1.18,0,0,11.47,0,0,0.59,6.18,2.35,3.82,1.47,1.18,0.59,19.41,3.82,2.94,1.47,2.06,1.76,0.59,7.35,2.06,2.35,0.59,1.76,0,0,0,0,0,0,10.29,0,5,4.41,7.06,4.12,0,0,0,0,0.59,0,0.29,0,4.71,7.35,0.88,0,0.59,0,0.29,0,3.24,0,0,17.06
7149,Salmon,4/28/1999,House,Kosovo,AZ,0,R,7149,Salmon,4,28,99,354,19.67,23.73,83.33,56.21,11.3,6.5,3.39,1.69,0,0.85,0.56,4.8,8.76,11.86,7.63,3.67,6.21,0.56,5.08,15.82,4.8,1.69,1.13,3.11,0.28,7.34,1.13,0,0.85,5.93,3.11,2.82,0.56,1.13,0.28,15.82,1.98,2.26,0.85,2.26,1.41,2.26,3.95,1.98,0.85,0.28,0.56,0,0.56,0,0.56,0,0,12.43,1.69,5.93,4.52,2.26,3.95,0.56,0.56,0,0.28,0.85,0,0,0,5.65,5.93,0,0,0.28,0,0.56,0,0.85,0.28,0,13.84
675,Sam Johnson,10-Feb-99,House,Kosovo,TX,0,R,675,SamJohnson,2,10,99,136,11.33,31.62,75,42.65,9.56,7.35,0,4.41,0,1.47,1.47,2.21,8.82,8.82,5.15,2.21,4.41,0.74,4.41,10.29,4.41,0.74,1.47,1.47,0,12.5,0,0,2.21,5.15,3.68,1.47,0,0,0,11.76,1.47,1.47,0.74,0,2.21,0,6.62,0,1.47,0,1.47,0,0,0,0,0,0,14.71,1.47,7.35,5.15,4.41,6.62,0,0,1.47,0,0,0,0,0,12.5,6.62,0,0,0.74,0,0.74,0,0.74,0,0.74,22.06
7131,Sanders,4/28/1999,House,Kosovo,VT,1,I,7131,Sanders,4,28,99,1052,19.85,27.28,80.42,52.09,11.69,4.75,2.19,1.71,0,0.29,0.57,6.94,9.13,12.93,9.51,1.71,7.32,1.9,2.09,12.36,5.8,1.05,1.43,1.14,0,6.75,0,0,1.9,6.65,2.85,3.61,0,2.19,0.38,16.25,2.19,1.81,1.71,1.24,1.81,1.43,5.23,1.33,1.24,0.19,0.86,0.19,0.57,0,0.38,0.19,0,10.46,0.86,4.66,4.66,1.33,1.71,0.19,0.86,0.29,0,1.43,0,0,0.1,5.8,4.94,0,0.1,0,0,1.24,0,0.38,0,0,12.45
7151,Sanford,4/28/1999,House,Kosovo,SC,0,R,7151,Sanford,4,28,99,355,22.19,19.44,81.69,58.59,14.93,7.32,1.97,2.54,0.85,0.28,1.69,7.61,5.35,15.21,9.3,2.25,10.14,0.85,3.94,16.62,5.92,1.13,2.25,2.54,0,9.01,0.28,0.28,3.1,3.94,2.82,1.13,0,1.13,0,17.18,3.1,2.82,2.25,2.25,1.41,0.28,5.35,3.38,0.28,0,0.28,0,0.56,0.28,0.28,0,0,14.37,3.1,7.32,3.66,1.41,1.69,0,0,1.13,0,1.41,0,0.28,0,5.35,8.45,0,0.56,0,0,0,0,0.56,0.28,0.56,16.06
7107,Scarborough,4/28/1999,House,Kosovo,FL,0,R,7107,Scarborough,4,28,99,923,18.84,19.61,82.34,56.01,14.63,7.69,3.58,3.03,0,0.33,0.76,6.93,7.37,13.43,8.78,2.06,8.45,1.52,4.01,13.33,4.66,2.17,1.63,2.71,0,11.16,0.43,0.43,2.49,5.09,2.38,2.6,0,2.28,0.11,14.73,1.41,1.3,1.41,1.3,0.76,0.54,6.18,2.38,2.6,0.76,1.63,0.11,0.11,0.11,0,0,0,11.81,1.95,5.31,4.77,2.28,1.63,0.65,0.33,0.22,0.54,2.17,0.22,0,0.33,5.42,5.42,0,0,0.11,0,0.76,0,0.22,0.43,0.11,12.89
7117,Schakowsky,4/28/1999,House,Kosovo,IL,1,D,7117,Schakowsky,4,28,99,297,27,30.3,76.77,47.47,7.74,5.05,3.37,1.01,0,0.34,0.34,2.69,11.11,6.06,4.04,0.34,3.37,1.35,1.68,16.5,6.4,1.35,1.01,1.01,0,5.72,0.34,0.67,1.01,5.72,3.03,2.69,0.67,1.35,0.34,15.82,2.02,1.68,2.69,0.67,3.37,0.67,4.38,2.02,0.34,0,0.34,0,0.67,0,0.34,0.34,0,14.81,2.36,8.75,3.37,3.03,4.04,1.01,1.35,0,0.67,1.01,0,0,0,4.71,3.37,0,0,0,0,1.35,0,0,0,0,9.43
7040,Sessions,4/28/1999,House,Kosovo,TX,0,R,7040,Sessions,4,28,99,312,19.5,24.04,79.17,50.96,12.82,5.45,1.92,2.88,0,0.64,0,7.37,9.29,12.5,8.65,0.96,9.29,0.96,3.21,13.14,4.49,1.28,0.32,1.92,0,7.05,0,0,1.28,6.09,3.21,2.88,0,2.56,0.32,16.03,1.92,3.21,0.96,0.96,0.96,0.96,5.45,2.24,0.96,0,0.64,0.32,0,0,0,0,0,10.58,2.24,6.09,2.56,2.88,5.13,0,0,0,0,1.6,0,0,0.32,6.09,4.81,0,1.28,0,0,0,0,0,0.32,0,12.82
7009,Sherman,4/12/1999,House,Kosovo,CA,1,D,7009,Sherman,4,12,99,1416,20.52,27.75,77.75,51.41,10.38,5.44,0.78,3.32,0,0.49,0.85,4.94,8.97,10.52,7.84,0.78,4.8,3.39,3.18,12.92,5.37,0.92,2.61,1.34,0,9.46,0.14,0,1.27,6.36,3.95,2.19,0.28,1.2,0.78,20.48,2.75,1.77,4.03,3.25,1.48,0.99,6.5,2.47,1.34,0.28,0.71,0.35,0.56,0.07,0.49,0,0,11.51,0.92,6,4.66,2.4,3.46,0.07,0.35,0.14,0.42,0.71,0,0,0.07,5.08,6.36,0,0.14,0,0,0.92,0,0.28,0,0.14,12.92
7050,Sherman,4/28/1999,House,Kosovo,CA,1,D,7050,Sherman,4,28,99,977,19.16,26,80.35,52.61,12.59,5.42,2.66,1.84,0,0.72,0.2,7.16,8.39,11.16,7.98,0.72,5.83,3.38,2.35,13.31,5.12,1.33,2.66,1.43,0,8.5,0,0.1,2.76,6.14,2.46,3.58,1.54,1.54,0.31,19.55,3.38,2.35,3.58,2.56,1.13,0.92,4.3,2.66,1.74,0.41,1.23,0.1,0.31,0.2,0.1,0,0,10.34,1.13,5.73,3.68,1.43,1.94,0.2,0.61,0.1,0,0.82,0,0.1,0,5.42,6.76,0,0,0.1,0,0.2,0,0.31,0.41,0,13.61
735,Shimkus,24-Mar-99,House,Kosovo,IL,0,R,735,Shimkus,3,24,99,162,23.14,25.31,72.22,45.06,10.49,9.26,2.47,6.79,0,0,0,1.23,8.64,9.88,6.17,0,4.94,0.62,1.85,12.35,6.17,0.62,1.23,0,0,10.49,0,0,1.23,8.02,5.56,2.47,0,2.47,0,12.96,2.47,0,1.85,1.85,0.62,1.85,4.32,2.47,2.47,0,1.85,0.62,1.23,1.23,0,0,0,9.26,1.85,2.47,4.32,1.85,3.09,0,0.62,1.85,0,1.23,0,0,0,5.56,11.11,0,0,0,0,0,0,4.94,0,0,21.6
7163,Sisisky,4/28/1999,House,Kosovo,VA,1,D,7163,Sisisky,4,28,99,310,18.24,28.06,80,53.55,13.55,7.1,3.23,2.26,1.29,0,0.32,6.45,8.06,15.16,10.32,0.97,8.06,3.87,0.97,10.97,5.16,3.55,3.23,0.65,0,7.1,0,0.32,1.29,6.13,2.58,3.55,0,1.61,0,18.06,2.58,1.61,3.87,0.97,0.65,0.97,5.48,1.94,1.94,0.32,1.29,0.32,0.32,0.32,0,0,0,7.74,0.97,2.9,4.52,2.9,2.58,0.65,0.32,0.65,0,0.97,0.32,0,0.65,6.77,3.87,0,0,0,0,0,0,1.29,0,0.65,12.58
1116,Skaggs,1-Oct-98,House,Kosovo,,,D,1116,skaggs,10,1,98,159,19.88,37.74,72.33,44.65,5.03,0.63,0,0,0,0,0.63,4.4,8.81,8.81,7.55,0.63,5.03,1.26,1.89,17.61,3.14,1.26,0.63,0,0,1.89,0,0,0.63,6.29,2.52,3.77,0.63,2.52,0,18.24,2.52,3.77,3.14,1.89,1.26,2.52,1.26,4.4,0.63,0,0.63,0,0,0,0,0,0,13.21,2.52,8.81,1.26,2.52,3.77,0,0,0,0,0,0,0,0,7.55,3.77,0,0,0,0,0,0,3.14,0,0,14.47
7002,Skelton,4/12/1999,House,Kosovo,MO,1,D,7002,Skelton,4,12,99,164,32.8,26.22,81.1,55.49,15.85,9.76,3.05,1.22,0,0,5.49,6.1,6.1,10.98,9.15,2.44,6.1,0.61,1.22,14.02,7.32,0,2.44,0,0,15.24,0,0,4.88,4.27,3.66,0.61,0,0.61,0,13.41,0,0,1.22,0.61,0.61,1.22,9.76,0,3.05,0.61,1.83,0.61,0.61,0.61,0,0,0,10.98,0.61,6.71,3.66,4.27,3.05,0,0.61,0.61,1.22,0,0,0,0,3.66,9.15,0,0,0,0,0,0,0,0,0,12.8
7100,Skelton,4/28/1999,House,Kosovo,MO,1,D,7100,Skelton,4,28,99,823,13.95,23.45,81.04,54.31,15.31,5.1,2.31,1.22,0,0.49,1.09,10.21,8.75,11.91,9.36,1.7,7.65,1.46,1.7,12.88,4.13,1.46,1.58,0.97,0,8.02,0,0.24,1.82,4.13,2.07,2.07,0.24,1.22,0.24,15.92,0.85,3.28,2.67,2.31,0.85,2.07,3.77,2.55,2.55,0.61,1.82,0.12,0.24,0.24,0,0,0,10.81,1.82,6.68,2.43,1.58,1.58,0.85,0.12,1.58,0,0.12,0,0,0,7.05,7.41,0.12,0.36,1.34,0,0.85,0,1.09,0.12,0.97,19.44
7088,Smith,4/28/1999,House,Kosovo,TX,0,R,7088,Smith,4,28,99,355,16.14,28.17,74.37,50.42,8.17,5.92,0.28,4.79,0,0.28,0.56,2.25,8.73,11.55,9.3,0.56,8.17,1.69,2.82,14.65,3.94,1.97,2.82,0.85,0,9.86,0,0,1.13,5.63,2.25,3.38,0.56,1.69,0.28,12.68,1.41,1.41,1.41,0.56,0.56,2.25,4.79,1.13,0.85,0,0.28,0.28,0.56,0.28,0.28,0,0,11.27,1.97,6.76,2.54,3.1,3.1,0,0,1.41,0,1.13,0,0,0,7.32,4.79,0.28,0,0,0,0,0,1.41,0,0,13.8
7150,Smith,4/28/1999,House,Kosovo,NJ,0,R,7150,Smith,4,28,99,1473,20.46,27.09,77.53,52.61,9.91,5.36,1.49,2.51,0.48,0.75,0.14,4.55,7.6,11.2,7.81,2.24,6.25,1.83,3.6,14.94,5.57,2.38,2.44,0.68,0,8.01,0,0,2.04,4.82,1.56,3.19,0.2,1.83,0.34,17.85,2.1,2.17,1.83,1.97,1.77,0.48,6.31,2.51,1.43,0.2,1.02,0.2,0.81,0.34,0.14,0.34,0,10.79,1.49,5.16,3.87,2.65,1.97,0.41,0.2,0.34,0,1.29,0.14,0.07,0,5.36,5.02,0.07,0,0.07,0,2.04,0,1.43,0,0.68,14.66
1108,SmithNJ,17-Mar-98,House,Kosovo,NJ,0,R,1108,SmithNJ,3,17,98,501,16.7,40.32,68.26,41.72,6.19,2.99,1.4,1,0.2,0.2,0.2,3.19,10.18,7.19,4.19,1.6,2.59,1,2.4,13.57,4.79,0.2,2,0.2,0,6.79,0,0.2,2.99,5.39,2.2,3.19,0.6,2.2,0,13.77,2.59,1.6,1,1,2,1.2,4.19,0.4,1.6,0.4,1.2,0,0.4,0.2,0.2,0,0,12.77,0.8,7.19,4.79,1.6,0.8,0,0,0.2,0,0.4,0.2,0,0,6.19,7.78,0,0,0,0,0.4,0,0.6,0.4,0,15.77
7111,Snyder,4/28/1999,House,Kosovo,AR,1,D,7111,Snyder,4,28,99,179,11.19,15.08,84.92,53.63,18.44,13.41,2.23,8.94,0,0,2.23,5.03,3.35,16.76,11.17,2.79,12.29,1.12,2.23,8.38,6.7,1.68,1.12,1.68,0,21.23,0,0,1.68,3.35,1.68,1.68,0,0,0,17.32,1.68,1.12,0.56,1.68,0,0.56,11.17,1.68,2.23,0,2.23,0,0.56,0,0.56,0,0,10.61,2.79,2.79,5.59,1.12,1.12,0,0,3.91,0,0,0,0,0.56,10.61,6.7,0,0,0,0,1.68,0,1.12,0,1.12,21.23
7114,Spence,4/28/1999,House,Kosovo,SC,0,R,7114,Spence,4,28,99,973,26.3,27.24,79.45,49.33,9.66,5.45,2.06,2.98,0.1,0,0.31,4.21,8.32,8.74,7.3,1.03,4.93,1.95,2.26,15.31,5.34,1.03,2.26,1.03,0,6.37,0,0.1,0.41,5.76,2.67,3.08,0.41,1.64,0.51,17.68,1.34,3.7,1.85,1.34,1.54,1.75,4.73,2.16,1.23,0.31,0.72,0.21,0.21,0.1,0.1,0,0,15.42,1.75,9.97,3.7,1.95,2.98,0.72,0,0.31,0,0.21,0,0,0.21,6.06,4.52,0,0,0.51,0,1.44,0,2.26,0,1.44,16.24
7048,Spratt,4/28/1999,House,Kosovo,SC,1,D,7048,Spratt,4,28,99,1202,14.31,26.46,79.37,53.74,14.39,6.49,0.42,4.41,0.17,0.25,1.25,7.9,7.07,12.15,8.65,1.83,6.74,1.91,2.91,11.73,6.07,1.33,1.83,1.83,0,7.9,0,0,0.5,4.74,1.91,2.83,0.08,2.08,0.08,23.63,3.24,3.08,3.24,3.83,1.25,1.41,6.99,3.91,0.92,0.08,0.67,0.17,0.42,0.08,0,0,0.33,11.56,1.75,6.49,3.24,1.66,3,1.33,0.08,0.17,0,1.5,0,0.17,0.08,7.07,6.99,0,0,0.08,0,0.75,0,1,0.08,0.83,16.89
7063,Stark,4/28/1999,House,Kosovo,CA,0,D,7063,Stark,4,28,99,361,15.04,28.25,81.99,50.14,11.91,8.03,2.22,4.16,0,0.83,0.83,3.88,7.48,11.91,7.48,1.94,8.86,0.83,1.94,11.63,5.82,4.71,1.66,1.39,0,11.36,0,0,3.05,4.16,1.66,2.49,0,1.39,0.28,21.05,3.05,5.26,0.83,1.66,1.94,0.83,4.16,3.6,1.39,0.55,0.28,0.28,0.28,0,0.28,0,0,9.42,2.22,3.88,3.05,3.6,3.88,0.28,0.83,0,0,1.94,0,0,0,7.2,6.65,0,0,0,0,0.28,0,0,0.55,0.28,15.51
7000,Stearns,4/12/1999,House,Kosovo,FL,0,R,7000,Stearns,4,12,99,657,20.53,33.94,77.02,49.92,8.98,5.18,0.76,1.22,0.46,1.52,1.22,3.81,9.89,8.68,6.85,2.59,5.18,0.46,3.81,14.31,4.57,0.3,1.52,1.98,0,8.22,0,0,1.52,4.72,1.83,2.89,0.61,0.91,0.76,11.87,1.52,2.59,0.61,1.83,0.15,1.52,3.65,0.46,1.37,0,1.07,0.3,0.3,0.15,0.15,0,0,11.11,0.91,5.02,4.57,5.33,5.48,0.3,0.3,0.15,0.3,0.76,0,0.15,0,5.78,5.63,0.15,0,0.3,0,0.46,0,0.76,0,0.3,13.39
7121,Stearns,4/28/1999,House,Kosovo,FL,0,R,7121,Stearns,4,28,99,394,15.15,27.92,77.66,48.22,8.38,4.57,0.25,2.54,1.27,0,0.51,3.81,9.9,11.93,7.87,2.03,7.87,1.52,2.79,12.69,5.08,1.52,1.27,0.51,0,8.63,0.51,0,1.27,4.82,2.03,2.79,0,2.54,0.25,17.77,3.3,2.79,3.05,2.28,1.27,1.27,4.06,3.55,0.51,0,0.51,0,0,0,0,0,0,16.24,1.78,9.14,5.08,2.79,4.57,1.02,0,0.76,0,1.27,0.51,0,0.25,6.35,4.06,0,0,0.25,0,1.02,0,1.78,0,0.76,14.21
7013,Tancredo,4/13/1999,House,Kosovo,CO,0,R,7013,Tancredo,4,13,99,360,30,19.17,83.89,57.22,13.89,5.56,1.94,3.33,0.28,0,0,8.33,6.11,13.06,8.33,2.22,6.94,1.39,5,15.83,7.22,0.28,2.5,1.11,0.56,8.06,0,0.28,1.11,2.22,1.11,1.11,0,0.56,0,18.89,3.61,1.94,2.22,4.72,0.83,0,5,2.22,1.39,0.56,0.83,0,0.83,0.83,0,0,0,13.61,1.67,6.39,5,1.67,2.22,0.28,0.56,0.28,0,0.28,0,0,0,3.61,7.5,0.56,0,0.28,0,0,0,0.56,0,0.56,13.06
7139,Tancredo,4/28/1999,House,Kosovo,CO,0,R,7139,Tancredo,4,28,99,200,14.29,13.5,83.5,66,14.5,8,0.5,6.5,0,0,1,6.5,7.5,17,14.5,2,13.5,1,9.5,12,3.5,2,4,2.5,0,9,0,0,1.5,3,1.5,1.5,0,0,1,19,1,2.5,0,1.5,2.5,1,9.5,2.5,0.5,0,0.5,0,0.5,0.5,0,0,0,13.5,1,6.5,6,0,0.5,0,1,0,0,1,0.5,0,0,7,5.5,0,0.5,0,0,0,0,0,0,0,13
7097,Tanner,4/28/1999,House,Kosovo,TN,1,D,7097,Tanner,4,28,99,207,25.88,18.84,79.71,57,13.04,2.9,0.97,0.97,0,0.97,0,10.14,7.73,12.08,11.59,2.42,8.21,0.97,2.42,12.56,5.31,2.42,2.42,1.93,0,7.25,0,0,0.97,3.86,2.42,1.45,0,0.97,0,14.01,0.97,0.97,1.45,3.86,0.97,0.48,2.9,4.83,2.42,0.97,1.45,0,0.97,0.48,0.48,0,0,14.49,2.9,4.35,7.73,0.48,0.48,0.48,0.48,0,0,0.48,0,0,0,4.83,6.76,0.48,0.48,0,0,0,0,0.48,0,0,13.04
7169,Tauscher,4/28/1999,House,Kosovo,CA,1,D,7169,Tauscher,4,28,99,214,15.29,32.71,78.04,47.66,13.08,8.41,1.87,3.74,0,2.8,0,4.67,7.48,7.94,5.61,0.47,5.61,1.87,0,14.95,4.21,0,2.34,0.47,0,11.68,0,0.47,3.27,5.14,2.8,2.34,0,1.4,0.93,15.42,1.4,1.4,0.93,0,3.27,0.47,8.41,0,0.93,0,0.93,0,0.47,0,0.47,0,0,14.95,2.34,8.41,4.21,1.87,1.87,2.34,0.93,0.47,0,0,0,0,0,7.48,2.8,0,0,0,0,0,0,0.93,0,0,11.21
7070,Taylor,4/28/1999,House,Kosovo,MS,0,R,7070,Taylor,4,28,99,999,20.81,20.32,82.18,56.16,14.91,7.21,2.7,2.7,0.1,0.8,0.9,7.71,7.51,11.81,9.11,1.9,8.11,1.1,2.7,13.61,5.21,1.8,1.7,1.7,0.2,10.41,0,0.1,2,5.21,1.8,3,0.8,1.3,0.5,15.72,2,1.4,1.3,1.6,1.1,1.5,5.11,3.3,2,0.4,1.5,0.2,0.2,0.1,0.1,0,0,13.31,2.2,5.51,5.51,2.6,2.6,0.5,0.1,0.5,0,1.2,0.2,0,0,5.21,5.71,0,0,0.4,0,0.5,0,1,0.2,1,14.21
7089,Thornberry,4/28/1999,House,Kosovo,TX,0,R,7089,Thornberry,4,28,99,652,22.48,28.37,78.83,51.99,11.35,6.29,3.37,2.91,0,0,0,5.06,9.36,12.42,8.74,0.61,8.9,1.84,2.91,12.88,4.45,1.84,2.61,0.61,0,5.37,0,0,1.07,5.67,3.53,1.99,0.31,1.23,0.15,20.86,4.45,3.53,1.69,2.76,1.23,1.53,5.67,1.53,0.61,0.15,0.31,0.15,0.15,0,0.15,0,0,11.81,1.53,6.13,4.14,1.99,4.91,0.31,0,0,0,0.92,0,0.15,0,6.6,3.37,0.15,0.77,0,0,0.15,0,0.31,0.31,0,11.96
7110,Tierney,4/28/1999,House,Kosovo,MA,1,D,7110,Tierney,4,28,99,160,17.78,26.25,79.38,51.25,18.12,8.12,3.75,3.75,0,0,0.62,10,6.25,16.25,9.38,0.62,11.25,3.75,1.25,11.25,4.38,0.62,0,0,0,10,0,0,3.12,8.12,3.75,3.75,0,1.88,0,22.5,5,2.5,3.12,2.5,1.25,0,8.12,2.5,0.62,0,0.62,0,0,0,0,0,0,8.12,3.12,1.88,2.5,1.25,2.5,0,0,0.62,0,1.88,0.62,0,0,5.62,5,0,0,0,0,0,0,2.5,0,2.5,15.62
7001,Traficant,4/12/1999,House,Kosovo,OH,1,D,7001,Traficant,4,12,99,105,9.55,19.05,80.95,45.71,11.43,7.62,3.81,0.95,0,0.95,1.9,3.81,2.86,9.52,7.62,0.95,8.57,0,2.86,10.48,5.71,0,4.76,0.95,0,11.43,0,0,2.86,5.71,0.95,4.76,0,3.81,0.95,12.38,0.95,1.9,0,0.95,1.9,1.9,4.76,0.95,4.76,0,4.76,0,1.9,0.95,0,0.95,0,12.38,0.95,3.81,7.62,2.86,1.9,0,0,1.9,0.95,1.9,0.95,0,0,10.48,9.52,0,0,0,0,0,0,0,0,0,20
7026,Traficant,4/22/1999,House,Kosovo,OH,1,D,7026,Traficant,4,22,99,109,15.57,17.43,82.57,55.96,11.01,2.75,0.92,0.92,0,0,0.92,8.26,4.59,16.51,12.84,0,11.01,2.75,3.67,11.93,8.26,2.75,1.83,0.92,0,4.59,0,0,0,5.5,2.75,2.75,0.92,0.92,0,17.43,1.83,0.92,3.67,1.83,0,0,6.42,3.67,1.83,0,1.83,0,1.83,1.83,0,0,0,13.76,2.75,5.5,5.5,0,1.83,0,0.92,0.92,0,0.92,0,0,0,6.42,8.26,0,0,0,0,0,0,0,0,0,14.68
7113,Traficant,4/28/1999,House,Kosovo,OH,1,D,7113,Traficant,4,28,99,123,9.46,22.76,79.67,56.1,14.63,9.76,2.44,4.88,0,0,2.44,4.88,7.32,18.7,17.07,0.81,6.5,5.69,4.07,5.69,2.44,3.25,2.44,0.81,0,9.76,0,0,1.63,7.32,4.88,1.63,0,1.63,0,17.07,2.44,2.44,3.25,0,2.44,0.81,4.07,1.63,0.81,0,0.81,0,0,0,0,0,0,11.38,0.81,3.25,6.5,0.81,3.25,0,0,0,0,1.63,0,0,0,10.57,2.44,0,0,0,0,0,0,0,0,0,13.01
7112,Turner,4/28/1999,House,Kosovo,TX,1,D,7112,Turner,4,28,99,295,17.35,29.49,79.32,49.15,10.85,3.73,0.68,1.36,0,1.69,0,7.12,10.17,8.47,5.08,1.36,5.08,1.02,3.05,15.25,4.41,0.34,1.69,1.69,0,8.47,0,0,1.69,5.76,2.03,3.73,0,0.68,0.68,15.93,3.05,2.03,2.37,1.69,1.36,1.69,2.71,2.03,2.37,0,2.03,0.34,0.34,0.34,0,0,0,12.2,1.69,7.12,2.71,1.69,2.71,0,0,0.68,0,0.34,0,0,0,5.76,5.76,0,0,0,0,0,0,0,0,0,11.53
7108,Underwood,4/28/1999,House,Kosovo,Guam,,,7108,Underwood,4,28,99,188,13.43,29.26,73.4,47.87,10.11,3.19,0.53,1.6,0,1.06,0,6.91,11.17,8.51,5.85,1.06,5.32,2.13,1.6,12.77,3.72,2.66,0.53,0.53,0,6.38,0,0,1.06,6.38,3.72,2.66,0,1.6,0.53,15.43,0.53,4.79,0.53,2.13,0.53,2.13,2.13,4.26,1.06,0,0.53,0.53,1.6,1.6,0,0,0,9.04,1.06,7.98,0,0.53,2.66,1.06,0,1.06,0,0,0,0.53,0,9.04,2.13,0,0,0,0,0.53,0,1.6,0,0,13.3
7062,Waters,4/28/1999,House,Kosovo,CA,1,D,7062,Waters,4,28,99,365,14.04,26.03,80.27,52.05,7.12,4.66,2.74,1.92,0,0,0,2.47,8.77,13.42,9.86,3.01,8.22,1.37,3.01,14.25,4.11,3.29,2.19,2.47,0,4.66,0,0,1.92,6.58,2.47,4.11,0.27,3.29,0.27,17.26,1.64,1.92,1.37,1.92,1.37,2.74,4.38,2.74,0.82,0,0.82,0,0.27,0.27,0,0,0,13.15,1.64,5.48,5.75,0.82,1.64,0.27,0,0.27,0.55,5.48,0,0,0,7.95,4.93,0,0,0,0,0.82,0,0.27,0.27,0,14.52
7008,Weldon,4/12/1999,House,Kosovo,PA,0,R,7008,Weldon,4,12,99,3552,21.53,25.17,80.94,54.5,13.37,6.95,2.31,3.1,0,0.31,1.24,6.42,8.02,12.13,8.33,2,7.15,1.55,2.96,14.86,4.5,1.13,2,1.69,0.03,9.99,0.14,0.28,1.63,4.14,2.14,1.94,0.08,0.96,0.25,17.45,1.97,1.63,2.48,1.63,2.03,0.65,6.02,2.03,1.32,0.25,0.96,0.11,0.28,0.11,0.14,0,0.03,15.17,2.08,7.63,4.84,2.28,1.94,0.34,0.25,0.68,0,0.25,0.08,0.03,0,5.12,5.55,0,0.03,0.06,0,0.25,0,0.45,0,0.2,11.66
7014,Weldon,4/13/1999,House,Kosovo,PA,0,R,7014,Weldon,4,13,99,5723,20.74,23.12,79.45,52.79,13.3,6.9,1.14,4.28,0.09,0.28,1.12,6.4,7.22,11.93,7.88,2.27,8.51,0.49,2.48,14.54,4.81,1.59,2.22,2.71,0,10.43,0.07,0.16,1.49,4.05,1.97,2.06,0.12,1.15,0.23,15.5,1.19,1.43,1.61,1.05,1.28,0.98,6.57,2.13,1.68,0.33,1.28,0.07,0.63,0.26,0.3,0.02,0.05,13.61,2.55,6.66,4.12,2.27,1.61,0.56,0.21,2.27,0,0.16,0.05,0.14,0.02,4.93,5.92,0.03,0.07,0.17,0,0.42,0,0.72,0,0.84,13.11
7030,Weldon,4/27/1999,House,Kosovo,PA,0,R,7030,Weldon,4,27,99,7431,22.72,24.65,80.89,54.26,14.25,9,3.14,3.71,0.27,0.94,0.94,5.25,8.56,11.95,7.74,3.92,5.71,1.45,2.56,14.1,4.99,1.26,1.44,1.71,0.01,11.92,0.07,0.59,1,4.39,3.42,0.93,0.08,0.47,0.05,17.01,2.03,1.74,1.98,1.22,1.56,0.71,6.72,1.87,1.9,0.19,1.39,0.31,0.4,0.16,0.19,0,0.05,13.08,2.23,5.84,4.56,3.31,3.14,0.46,0.16,0.23,0.11,0.13,0.22,0.15,0.03,4.97,6.57,0.11,0.09,0.08,0,0.4,0,0.48,0.26,0.34,13.55
7158,Weldon,4/28/1999,House,Kosovo,PA,0,R,7158,Weldon,4,28,99,384,20.21,23.44,83.33,55.73,17.71,8.59,3.65,4.43,0,0.26,0.26,9.11,6.77,13.54,9.11,1.56,9.11,1.04,2.86,12.76,5.99,1.04,1.82,0.52,0,9.11,0,0.52,1.82,5.73,3.39,2.08,0.26,1.04,0,20.83,2.34,2.08,2.08,1.04,1.3,1.82,7.81,2.34,1.3,0.52,0.78,0,0.26,0.26,0,0,0,12.5,2.6,5.47,4.43,1.3,3.12,0.52,0,0,0,0.26,0,0,0,4.95,6.51,0,0,0,0,0,0,0.26,0,0,11.72
7177,Whitfield,4/28/1999,House,Kosovo,KY,0,R,7177,Whitfield,4,28,99,647,23.96,23.96,82.38,56.11,11.59,5.41,1.85,1.85,0,0.31,1.39,6.18,8.5,12.67,10.36,2.01,6.96,2.01,3.71,13.6,6.96,0.93,1.55,1.08,0,6.49,0,0,1.08,5.72,2.94,2.63,0.15,1.24,0.62,19.63,3.71,2.32,1.39,1.55,2.16,1.24,6.34,2.32,1.08,0.62,0.31,0.15,0.31,0,0.31,0,0,12.83,1.24,6.49,4.95,2.78,3.25,0.46,0.31,0,0.46,0.93,0.15,0,0,4.64,5.56,0,0.15,0,0,0.31,0,0,0,0,10.66
7055,Wilson,4/28/1999,House,Kosovo,NM,0,R,7055,Wilson,4,28,99,648,16.2,22.99,84.26,60.19,15.28,8.02,1.54,5.09,0.31,0.15,0.93,7.25,9.57,15.74,11.27,2.01,10.19,2.16,1.39,14.66,5.09,2.47,1.23,1.39,0,9.57,0.31,0.15,0.93,4.48,2.16,2.31,0.77,0.62,0.15,20.37,1.23,2.62,1.39,1.08,1.54,1.08,9.1,2.93,1.54,0.77,0.62,0.15,0.15,0.15,0,0,0,10.19,1.54,5.4,3.09,1.54,1.7,0.46,1.08,0,0,0,0.15,0,0,5.86,4.32,0,0,0.62,0,0.31,0,0.46,0,0,11.57
7012,Wolf,4/13/1999,House,Kosovo,VA,1,R,7012,Wolf,4,13,99,767,16.32,25.55,77.05,50.85,8.47,4.82,2.22,0.91,0,0.26,1.43,3.65,8.08,13.43,9.52,4.56,6.13,1.56,2.74,13.04,5.08,1.04,2.22,2.22,0,8.21,0.91,0.13,1.43,4.56,0.39,4.17,0.26,2.09,1.04,11.86,0.78,0.39,1.69,1.3,1.04,0.26,5.35,1.43,1.69,0.39,0.91,0.13,1.83,0.52,1.04,0,0.26,13.69,1.96,5.87,5.74,1.83,1.83,0.78,1.04,0.52,0.13,0.65,0.13,0,0,7.3,6.91,0.39,0.13,0.13,0,0.78,0,2.35,0,2.09,20.08
7023,Wolf,4/21/1999,House,Kosovo,VA,1,R,7023,Wolf,4,21,99,684,19,25.29,76.61,48.54,8.04,4.68,1.9,0.58,0.29,0.58,1.32,3.36,7.02,10.96,7.6,2.49,5.26,2.49,2.49,14.18,6.29,2.05,1.46,0.73,0,8.04,0,0,1.61,5.85,3.22,2.34,0.44,1.02,0.29,16.52,2.05,1.32,2.34,1.75,1.02,0.44,6.29,2.92,1.17,0.44,0.44,0.15,0.29,0.15,0,0,0.15,12.87,2.19,5.56,4.68,2.63,4.39,0.29,0.29,0.44,0,0.15,0,0.15,0,5.56,6.29,0,0,0.15,0,0.15,0,0,0,0,12.13
