ID NO,Name,Title,Date,Venue,Region,Oppose/Support,Party Affiliation,IDNO,Name,Month,Day ,Year,WC,WPS,Sixltr,Dic,funct,pronoun,ppron,i,we,you,shehe,they,ipron,article,verb,auxverb,past,present,future,adverb,preps,conj,negate,quant,number,swear,social,family,friend,humans,affect,posemo,negemo,anx,anger,sad,cogmech,insight,cause,discrep,tentat,certain,inhib,incl,excl,percept,see,hear,feel,bio,body,health,sexual,ingest,relativ,motion,space,time,work,achieve,leisure,home,money,relig,death,assent,nonfl,filler,Period,Comma,Colon,SemiC,QMark,Exclam,Dash,Quote,Apostro,Parenth,OtherP,AllPct
1057,Andrews,Representative,24-Jun-11,House,Libya,0,D,1057,Andrews,6,24,11,296,21.14,26.35,76.01,49.66,13.51,8.11,4.05,2.03,0,1.01,1.01,5.41,8.78,14.53,7.77,0.68,12.5,1.35,5.07,7.43,6.76,2.7,0.68,1.35,0.34,8.45,0,0,1.69,6.42,2.7,3.72,0.68,1.69,0.34,19.93,4.73,1.69,2.7,1.69,0.34,2.36,4.05,4.05,0.34,0,0.34,0,0.68,0.68,0,0.34,0,9.8,1.69,3.72,4.39,1.35,2.36,0.34,0,0.68,0,0.68,0,0.34,0,5.41,7.43,0,0.34,0.34,0,0.34,0,3.72,0.34,0,18.24
1033,Bartlett,Representative,3-Jun-11,House,Libya,0,R,1033,Bartlett,6,3,11,207,18.82,25.6,75.85,50.24,15.46,9.66,6.76,2.42,0,0,0.48,5.8,5.31,13.53,7.73,2.42,7.73,0.97,2.9,11.11,4.83,2.42,1.93,0,0,7.25,0.48,0,1.45,6.28,1.93,3.86,0,3.86,0,16.91,2.42,1.45,1.93,0.97,0.97,0.97,6.28,2.9,0,0,0,0,0,0,0,0,0,12.08,1.45,6.28,4.35,2.9,2.9,0.48,0.97,1.45,0,2.42,0,0,0,7.25,4.35,0.48,0,0,0,0.48,0,3.86,0,0,16.43
997,Berman,Representative,3-Jun-11,House,Libya,1,D,997,Berman,6,3,11,1924,15.39,33.21,76.51,48.75,11.49,6.29,2.6,2.81,0.21,0.36,0.31,5.2,7.8,11.43,7.22,0.88,7.74,1.2,2.91,12.99,4.73,1.77,2.03,0.47,0,7.85,0.05,0.52,1.25,4.63,2.55,2.08,0.36,0.94,0.36,18.09,3.64,2.6,1.72,1.46,0.88,2.03,4.94,2.23,1.25,0.21,0.94,0.1,0.88,0.36,0.52,0,0,9.41,1.61,4.99,2.86,2.81,3.53,1.14,0.42,0.16,0.1,0.47,0.1,0.16,0.05,7.33,5.15,0.21,0.21,0.31,0,0.31,0,3.07,0.16,0,16.89
1067,Berman,Representative,24-Jun-11,House,Libya,1,D,1067,Berman,6,24,11,830,16.6,28.67,80.48,51.45,12.89,6.14,1.33,2.65,0.72,0.6,0.84,6.75,9.04,11.69,7.83,0.96,8.31,0.84,2.77,12.17,5.3,1.81,1.93,0.36,0,9.4,0,0.36,1.33,5.06,2.65,2.41,0.12,0.84,0.84,17.95,2.77,2.17,1.45,2.53,1.08,2.05,5.18,3.13,1.57,0.48,1.08,0,0.24,0,0.24,0,0,10.48,2.17,4.94,2.89,2.65,4.34,2.53,0.72,0.24,0.24,0.24,0,0,0.12,6.14,5.18,0.36,0.24,0.24,0,0.36,0,3.13,0,0,15.66
1024,Blumenauer,Representative,3-Jun-11,House,Libya,1,D,1024,Blumenauer,6,3,11,337,24.07,34.72,71.22,40.65,8.31,5.04,1.78,2.37,0,0,0.89,3.26,6.82,9.79,5.64,1.78,5.93,1.48,2.67,10.09,3.86,1.48,2.37,0.3,0,8.61,0,0,1.48,6.53,5.04,1.48,0,0.59,0.59,17.21,2.37,2.37,1.78,1.19,2.67,2.37,3.86,2.08,0.59,0,0.59,0,0.59,0.3,0,0,0.3,9.79,1.48,4.45,3.56,3.86,3.56,0.89,0.3,0.3,0,0.59,0,0,0,6.82,6.82,0,0,0,0,0.89,0,0.3,0,0,14.84
1027,Boehner,Representative,3-Jun-11,House,Libya,,R,1027,Boehner,6,3,11,448,17.92,28.35,73.44,49.33,14.06,8.04,3.12,4.02,0,0.89,0,6.03,8.04,10.94,7.37,1.79,5.8,1.56,2.01,11.61,5.8,1.34,0.22,1.12,0,10.71,0,0.67,2.23,2.01,1.56,0.45,0,0.22,0,14.96,4.24,1.56,1.12,1.56,0.89,1.34,4.02,1.34,0.67,0.22,0.45,0,0.45,0.22,0.22,0,0,12.95,0.89,8.71,3.79,3.35,4.02,0.45,0.22,0.22,0,0.22,0,0,0,5.58,4.91,0,0.22,0,0,0,0,3.12,0.22,0,14.29
1066,Boehner,Representative,24-Jun-11,House,Libya,,R,1066,Boehner,6,24,11,452,16.14,33.41,78.76,48.23,13.5,5.75,1.99,1.77,0.22,1.77,0,7.74,7.96,11.28,7.08,1.55,7.08,1.33,4.42,9.29,5.97,2.21,0.88,0,0,7.52,0,0.44,1.55,5.75,2.65,3.1,0.22,1.77,0.88,15.93,2.65,2.65,2.43,1.99,1.11,1.77,3.1,2.43,0.88,0.22,0.66,0,0.22,0,0.22,0,0,10.18,1.99,4.2,4.2,4.42,5.97,0.88,0.88,1.11,0,0.88,0,0.22,0.22,5.31,8.19,0.44,0,1.11,0,0.22,0,2.88,0,0,18.14
996,Burton,Representative,3-Jun-11,House,Libya,0,R,996,Burton,6,3,11,907,18.9,24.59,76.85,53.8,11.36,5.51,1.87,2.21,0,1.1,0.33,5.84,10.25,12.79,9.15,1.76,8.16,1.1,3.42,13.12,6.17,2.54,1.65,0.88,0,7.94,0,0,1.32,3.75,1.65,2.09,0.22,1.21,0,16.76,1.98,1.76,2.09,1.65,0.77,0.88,4.74,3.97,1.32,0.11,1.21,0,0.22,0.22,0,0,0,12.68,2.54,6.62,3.42,1.54,3.09,0.22,0.33,0.22,0,0.88,0,0,0,5.95,5.4,0.22,0,0.11,0,0.55,0,2.76,0,0.22,15.21
1062,Burton,Representative,24-Jun-11,House,Libya,0,R,1062,Burton,6,24,11,911,18.59,21.95,79.8,55.1,13.72,7.79,0.99,4.61,0.22,1.65,0.33,5.93,8.56,16.9,9.99,3.18,10.1,1.43,3.18,12.73,7.14,2.31,1.21,0.88,0.11,12.07,0.33,0.11,1.54,5.71,2.31,3.4,0.22,2.52,0.11,18.33,1.43,0.99,3.07,1.98,0.88,0.44,8.23,3.62,1.54,0.44,0.99,0.11,0.11,0,0.11,0,0,13.17,3.73,6.26,3.07,1.87,3.18,0.11,0.22,1.43,0.11,1.43,0,0.44,0,5.16,5.27,0,0.11,0.33,0,0,0,4.17,0,0.44,15.48
1015,Capuano,Representative,3-Jun-11,House,Libya,0,D,1015,Capuano,6,3,11,359,11.97,20.33,80.5,56.82,18.38,7.8,5.85,1.39,0.28,0,0.28,10.58,5.01,17.83,12.81,0.56,13.37,1.67,4.46,11.14,5.29,1.95,2.79,0.84,0,5.57,0,0,1.39,6.69,3.34,3.34,0.84,1.67,0,14.48,1.39,0.56,1.95,4.18,1.67,0.84,1.95,3.9,1.67,0.56,1.11,0,0,0,0,0,0,11.98,2.79,4.18,4.46,1.11,2.51,0,0,0,0,1.67,0.28,0.56,0,8.36,8.64,0,0,0,0,0,0,3.9,0,0,20.89
1009,Chaffetz,Representative,3-Jun-11,House,Libya,0,R,1009,Chaffetz,6,3,11,169,11.27,21.3,80.47,52.66,14.2,4.73,2.37,1.78,0,0.59,0,9.47,10.06,11.83,8.88,0,10.06,0.59,0,15.38,4.14,1.78,0.59,0,0,7.1,0,0.59,2.37,5.33,1.78,3.55,0,2.96,0,11.83,2.37,1.18,0.59,0,2.37,0,5.33,0.59,1.78,1.18,0.59,0,0.59,0.59,0,0,0,12.43,2.37,5.92,2.96,2.37,1.78,0,0,0,0,2.37,0,0,0,10.06,4.73,0,0,0,0,0,0,1.78,0,0,16.57
1086,Cohen,Representative,24-Jun-11,House,Libya,1,D,1086,Cohen,6,24,11,100,25,22,59,41,11,8,2,2,0,2,2,3,4,15,8,4,5,2,0,9,7,1,0,2,0,12,0,1,1,3,2,1,0,0,1,17,4,0,1,0,0,1,9,1,1,0,1,0,1,0,1,0,0,6,1,2,3,1,2,0,0,0,0,1,0,0,0,6,6,1,0,0,0,0,0,0,0,0,13
1056,Cole,Representative,24-Jun-11,House,Libya,0,R,1056,Cole,6,24,11,188,11.75,36.7,79.79,51.06,15.96,6.38,2.66,2.66,0,0,1.06,9.57,5.32,12.23,9.57,1.06,7.98,2.13,4.79,9.04,5.32,1.6,3.19,0,0,6.91,0,0,1.6,3.72,1.6,2.13,1.6,0.53,0,20.21,4.26,4.26,0.53,1.06,1.6,3.72,5.32,1.06,1.6,0.53,1.06,0,0,0,0,0,0,10.64,1.6,6.38,2.66,2.66,3.72,1.06,0,0.53,0,0.53,0,0,0,8.51,6.91,0,0,0,0,1.06,0,3.19,0,0,19.68
1029,ConnollyVA,Representative,3-Jun-11,House,Libya,1,D,1029,ConnollyVA,6,3,11,393,28.07,36.64,67.68,38.17,6.11,2.29,2.04,0.25,0,0,0,3.82,9.92,6.87,3.05,0.51,3.82,1.02,0.76,12.98,4.33,0.76,1.27,0.51,0,2.54,0,0.25,0,3.56,1.53,2.04,0,1.78,0,16.28,5.09,3.05,1.27,1.27,1.27,2.04,2.29,1.27,0.25,0,0.25,0,0,0,0,0,0,8.65,1.27,5.34,2.04,4.07,6.87,0.25,1.02,0.76,0,1.27,0,0,0,4.83,5.09,0.51,0,0,0,0.25,0,3.05,0,0,13.74
1017,Dicks,Representative,3-Jun-11,House,Libya,1,D,1017,Dicks,6,3,11,567,31.5,38.1,73.9,44.27,5.82,2.82,1.59,1.06,0,0.18,0,3,11.29,9.7,5.64,2.29,4.94,1.06,1.23,12.52,5.64,1.41,2.29,0,0,4.41,0.18,0.18,0.71,4.76,3.53,1.23,0,1.23,0,19.22,4.06,3.53,1.23,1.06,1.94,1.41,4.94,2.12,0.18,0,0.18,0,0,0,0,0,0,13.23,2.29,7.05,3.88,3.35,4.59,0.88,0.35,0.88,0,0.35,0,0.35,0,6.88,5.11,0,0.18,0,0,0.18,0,0.35,0,0,12.7
1053,Dicks,Representative,24-Jun-11,House,Libya,1,D,1053,Dicks,6,24,11,594,19.8,33.5,74.75,46.8,13.97,6.73,3.2,1.85,1.01,0.17,0.51,7.24,6.57,10.61,6.23,2.02,5.89,1.52,1.85,11.78,6.06,1.18,1.01,0.17,0,9.09,0,0.17,0.84,5.05,2.53,2.53,0,1.68,0.34,18.01,3.03,1.52,2.53,0.84,1.52,2.86,5.22,2.02,1.35,0,1.01,0.34,0.17,0.17,0,0,0,10.77,1.68,4.88,4.21,1.52,3.87,0.51,0.17,0.17,0,0.34,0,0,0,7.41,4.71,0.17,0.51,0.17,0,0.17,0,3.03,0,0,16.16
1090,Dreier,Representative,24-Jun-11,House,Libya,1,R,1090,Dreier,6,24,11,280,28,27.14,67.14,47.14,6.79,2.14,1.79,0,0,0.36,0,4.64,7.86,13.57,7.86,3.21,3.57,1.07,0.71,14.64,4.29,2.14,1.79,1.43,0,3.57,0,0.71,2.14,0.71,0.36,0.36,0,0,0,14.64,4.29,1.79,1.07,2.14,1.43,0,1.79,3.21,0.71,0,0.71,0,0,0,0,0,0,11.07,0.36,5.36,3.93,2.14,0.36,0,0.71,0.71,0,0,0,0,0,8.93,2.86,0,0,0,0,0.71,0,7.14,0.36,0,20.36
1078,Ellison,Representative,24-Jun-11,House,Libya,1,D,1078,Ellison,6,24,11,236,19.67,28.39,78.39,51.27,16.1,8.47,3.81,2.97,0.42,0,1.27,7.63,2.97,12.71,9.75,1.69,9.32,0.42,3.81,11.44,8.05,0.85,1.27,0,0,8.05,0,0.42,2.54,4.66,3.81,0.85,0,0.42,0.42,21.61,2.97,2.12,1.27,2.54,0.85,2.12,9.75,2.12,0.85,0,0.85,0,0,0,0,0,0,16.53,1.27,10.17,5.51,2.97,2.12,0,0,2.12,0.42,0.85,0.85,0,0.85,5.93,2.97,0,0,0,0,0.42,0,1.27,0,0,10.59
1026,Farr,Representative,3-Jun-11,House,Libya,0,D,1026,Farr,6,3,11,223,10.14,32.74,70.85,40.36,8.07,5.83,3.59,1.79,0,0,0.45,2.24,5.38,8.97,4.93,0.9,5.38,0.45,1.35,13.9,4.48,1.79,2.24,0,0,4.93,0,0,1.35,7.17,5.38,1.79,0,1.35,0.45,12.56,1.35,1.79,0.9,0,2.24,1.35,4.93,0.9,2.69,0.9,0.9,0.9,0.45,0.45,0,0,0,14.8,2.69,6.73,4.93,3.59,6.73,0,0,0,0,0.45,0,0,0,11.21,4.48,0,0,0,0,0.9,0,0.45,0,0,17.04
1011,Flake,Representative,3-Jun-11,House,Libya,0,R,1011,Flake,6,3,11,169,21.12,31.95,72.78,43.79,8.28,6.51,3.55,2.37,0,0.59,0,1.78,10.06,10.65,4.73,3.55,5.92,0,5.33,11.83,1.78,0.59,1.78,0.59,0,7.1,0,0,0.59,7.69,4.73,2.37,0.59,1.78,0,10.65,2.96,2.37,0.59,2.37,0.59,1.18,1.18,1.18,1.78,0.59,1.18,0,1.18,1.18,0,0,0,14.2,3.55,5.92,4.73,1.78,2.37,0,0,0,0,0,0,0,0,5.33,7.69,0,0,0,0,0,0,0.59,0,0,13.61
930,Fleming,Representative,29-Mar-11,House,Libya,0,R,930,Fleming,3,29,11,122,12.2,36.07,73.77,44.26,13.11,9.02,2.46,3.28,0,3.28,0,4.1,6.56,8.2,4.92,0,5.74,0.82,2.46,6.56,8.2,2.46,0,1.64,0,15.57,0,0,4.1,3.28,1.64,1.64,0.82,0,0,16.39,2.46,1.64,1.64,1.64,2.46,0.82,4.1,4.1,3.28,0,3.28,0,0,0,0,0,0,16.39,5.74,1.64,8.2,6.56,7.38,0,0,0.82,0,0,0,0,0,8.2,5.74,0,0,0,0,0,0,5.74,0,0,19.67
1034,Forbes,Representative,3-Jun-11,House,Libya,0,R,1034,Forbes,6,3,11,258,25.8,24.42,79.84,51.16,15.5,9.3,3.49,2.71,0.39,2.71,0,6.2,6.2,15.5,6.59,1.55,10.85,1.16,3.88,11.63,7.75,2.33,1.55,1.16,0,7.75,0,0,0.78,3.88,1.94,1.94,0,1.55,0,20.16,5.81,3.49,3.49,2.71,1.94,0.39,3.88,3.1,2.71,0,2.33,0.39,0,0,0,0,0,11.24,2.71,4.26,3.88,2.33,1.55,0,0,0.39,0,0.78,0,0,0,3.88,8.53,0,0.39,0,0,0,0,4.26,0,0,17.05
1014,Fortenberry,Representative,3-Jun-11,House,Libya,0,R,1014,Fortenberry,6,3,11,327,17.21,35.47,66.67,43.12,8.26,4.59,0.92,2.14,0,0.92,0.61,3.67,7.03,10.4,5.81,1.83,5.5,0.92,4.28,11.01,5.5,1.53,1.83,0.61,0,8.56,0,0,1.22,2.75,1.53,0.92,0,0.31,0,14.37,2.75,1.83,1.53,1.53,0.92,0.61,4.28,2.75,0.92,0,0.92,0,1.22,0.61,0.61,0,0,11.62,2.75,4.89,4.28,2.45,4.28,0.31,0,0,0,0.61,0,0,0,7.95,7.95,0.31,0.31,0,0,0.31,0,1.22,0.31,0,18.65
1012,Frank,Representative,3-Jun-11,House,Libya,0,D,1012,Frank,6,3,11,372,16.91,22.85,79.3,57.8,16.13,10.75,1.88,5.38,0.27,1.34,1.88,5.38,8.33,16.4,10.22,2.15,9.95,1.08,3.76,13.98,4.3,2.42,1.61,1.08,0,13.44,0,0.54,0.27,3.23,1.34,1.88,0,1.34,0,11.83,0.81,1.08,1.08,0.81,1.08,0.81,4.3,3.49,2.15,0.54,1.61,0,0.81,0.54,0.27,0,0,11.56,2.69,5.91,2.96,1.08,1.61,0,0,1.88,0.27,0.27,0.54,0.27,0.27,5.11,6.99,0,0,0.81,0,0,0,5.11,0,0.54,18.55
1060,Frank,Representative,24-Jun-11,House,Libya,0,D,1060,Frank,6,24,11,219,13.69,22.83,79.91,53.42,17.81,10.5,3.65,3.65,0,0.46,2.74,7.31,5.48,15.53,9.13,1.37,13.7,0,0,12.79,6.85,2.28,0.91,0.91,0,15.07,0,0.46,2.28,5.02,2.28,2.74,0,0,0.46,15.98,1.83,1.37,2.74,1.37,1.37,0.91,6.39,3.2,3.2,0.91,2.28,0,0.91,0,0.91,0,0,8.22,2.74,4.11,1.37,0,1.83,0.46,0.46,1.37,0,0,0.91,0,0,6.85,8.68,0,0.91,0.91,0,0.46,0,6.39,0,0,24.2
817,Garamendi,Representative,24-Jun-11,House,Libya,1,D,817,Garamendi,6,24,11,135,16.88,25.19,77.78,49.63,12.59,5.19,2.96,2.22,0,0,0,7.41,9.63,14.81,8.89,0,7.41,3.7,2.22,12.59,3.7,0,0,0,0,4.44,0,0,0,2.22,1.48,0.74,0,0.74,0,22.22,3.7,0.74,3.7,2.96,1.48,4.44,5.93,1.48,0.74,0.74,0,0,0,0,0,0,0,14.81,2.96,7.41,4.44,0.74,2.22,0.74,1.48,0,0,0.74,0,0,0,7.41,2.96,0,0,0,0,0,0,0,0,0,10.37
1079,Garamendi,Representative,24-Jun-11,House,Libya,1,D,1079,Garamendi,6,24,11,191,23.88,26.18,78.53,49.74,9.95,4.71,0.52,4.19,0,0,0,5.24,10.99,9.42,6.81,1.05,6.28,1.57,2.62,10.99,6.81,0,1.05,1.57,0,6.81,0,0,1.57,3.66,1.57,2.09,0,2.09,0,21.47,3.66,2.62,2.09,2.62,2.09,2.09,9.42,1.57,0.52,0,0.52,0,0,0,0,0,0,15.71,2.09,7.33,4.71,0,6.28,0.52,1.05,0,0,1.57,0,0,0,4.71,9.42,0,0.52,0,0,0,0,3.14,0,0,17.8
1071,Garrett ,Representative,24-Jun-11,House,Libya,0,R,1071,Garrett,6,24,11,158,22.57,34.81,68.99,45.57,6.96,2.53,1.9,0.63,0,0,0,4.43,10.13,8.86,5.06,2.53,3.8,1.9,3.8,12.66,6.96,0.63,1.27,0.63,0,2.53,0.63,0,0.63,5.7,2.53,3.16,0,2.53,0,12.66,1.9,1.27,1.9,1.27,1.27,1.27,3.8,1.27,1.27,0,1.27,0,0.63,0,0.63,0,0,10.13,0,5.7,4.43,2.53,6.33,0,0,0.63,0,1.9,0,0,0,6.33,4.43,0,0,0,0,1.27,0,0,0,0,12.03
1054,Gibson,Representative,24-Jun-11,House,Libya,0,R,1054,Gibson,6,24,11,306,23.54,28.43,72.22,42.16,9.15,5.23,2.61,2.61,0,0,0,3.92,6.21,7.19,4.25,0.33,4.25,1.96,1.96,14.05,4.25,1.96,1.31,1.31,0,3.92,0,0.33,0.65,7.52,3.59,3.92,0,3.92,0,16.67,1.96,2.29,2.94,1.63,1.31,1.96,4.58,2.29,0.98,0.33,0.33,0,0,0,0,0,0,14.38,3.27,7.19,4.58,1.96,4.58,1.63,0,1.31,0,1.63,0,0,0.33,5.23,4.9,0.65,0.98,0,0,0,0,1.63,0,0,13.4
1064,Gohmert,Representative,24-Jun-11,House,Libya,0,R,1064,Gohmert,6,24,11,283,17.69,21.91,79.86,55.48,14.49,7.77,2.83,3.18,0,0.35,1.41,6.71,7.07,15.19,9.54,1.06,12.72,1.06,4.59,10.95,8.83,2.83,2.12,0,0,10.95,0,0,2.12,3.89,2.12,1.77,0.35,0.35,0,16.25,1.06,0.71,1.77,1.06,1.41,0.71,7.07,3.18,2.47,0,1.77,0,0.71,0.71,0,0,0,13.07,5.3,4.95,3.89,1.77,2.12,0.35,0,0.35,0,0,0,0.35,0.71,6.36,7.77,0,0.35,0,0,0,0,3.18,0,0,17.67
1041,Goodlatte,Representative,3-Jun-11,House,Libya,0,R,1041,Goodlatte,6,3,11,349,16.62,34.1,73.35,43.27,9.17,5.16,2.29,2.58,0,0.29,0,4.01,8.6,9.74,5.73,0.29,4.58,2.29,2.01,11.46,5.16,1.43,1.15,0.29,0,6.3,0.57,0.29,0,3.15,1.43,1.72,0,0.57,0.86,17.77,3.15,3.15,2.58,0.86,1.43,1.43,5.16,1.43,1.43,0.57,0.29,0.57,0.29,0.29,0,0,0,10.6,2.87,4.87,3.15,4.87,6.88,0.29,1.15,0.29,0,0.29,0,0,0.29,8.02,3.44,0,0,0,0,0,0,1.15,0,0,12.61
1083,GriffinAR,Representative,24-Jun-11,House,Libya,0,R,1083,GriffinAR,6,24,11,281,14.79,34.88,74.73,40.57,10.32,3.2,1.07,1.42,0,0.36,0.36,7.12,8.54,9.61,6.41,1.07,6.05,0.36,2.49,9.25,3.56,2.49,1.07,0.36,0,8.9,0,0,1.07,5.34,1.42,3.91,0.36,2.49,0.36,12.81,2.85,1.42,0.71,2.49,1.42,1.42,1.42,3.2,1.42,0,0.71,0.71,0.36,0.36,0,0,0,12.1,2.85,4.63,4.63,6.41,4.63,0,0.71,1.78,0,0.71,0,0,0,7.47,3.91,0,0.36,1.07,0,0,0,2.85,0,0.36,16.01
1074,HastingsFL,Representative,24-Jun-11,House,Libya,1,D,1074,HastingsFL,6,24,11,318,16.74,31.13,74.84,48.74,13.84,8.49,3.77,4.4,0,0,0.31,5.35,5.03,12.26,9.12,1.89,7.55,1.89,4.09,11.01,5.35,1.89,1.57,0.31,0,6.6,0,0.31,0.94,4.09,2.52,1.57,0,1.26,0,19.81,2.52,2.52,2.83,2.52,1.57,1.89,6.92,1.89,1.57,0.31,0.94,0.31,0.31,0.31,0,0,0,12.58,0.94,5.03,5.66,2.52,4.09,0.31,0,0.94,0,0.63,0,0,0,6.6,4.4,0,0,0,0,0.94,0,2.52,0,0,14.47
1089,Hirono,Representative,24-Jun-11,House,Libya,1,D,1089,Hirono,6,24,11,616,16.21,32.14,64.77,41.88,7.63,5.68,2.27,1.46,0,0.97,0.97,1.95,7.47,11.53,6.82,2.27,5.68,1.14,1.79,12.34,5.36,0.65,1.62,0.49,0,8.93,0,0,1.62,4.87,3.73,1.14,0.49,0.65,0,10.55,0.81,0.81,0.97,0.81,0.32,0.97,4.71,1.3,0.97,0.16,0.65,0.16,0.16,0.16,0,0,0,13.64,0.81,9.09,3.25,1.14,1.3,0.32,0.16,0.32,0,0.49,0.16,0.32,0.32,6.98,6.82,0,0,0.16,0,0.32,0,1.46,0,0,15.75
1070,Holt,Representative,24-Jun-11,House,Libya,0,D,1070,Holt,6,24,11,240,17.14,29.58,77.08,50,15.42,8.33,3.75,4.17,0,0.42,0,7.08,4.58,9.58,6.25,0.83,5.42,2.08,1.25,14.17,6.25,2.08,2.08,0.42,0,7.5,0,0.42,0.83,5.83,3.33,2.5,0,2.08,0.42,14.58,1.67,0.83,1.67,1.67,0.83,0.42,5,2.5,1.67,0,1.67,0,0.42,0.42,0,0,0,13.75,4.58,3.75,5,1.67,4.17,0.83,0,0.42,0,0.42,0.42,0,0,5.83,5.83,0,0,0,0,0.83,0,0,0,0,12.5
1084,Hoyer,Representative,24-Jun-11,House,Libya,1,D,1084,Hoyer,6,24,11,541,18.66,27.73,72.83,47.32,11.83,6.84,1.66,3.14,0,1.48,0.55,4.99,7.02,13.12,7.39,2.4,8.13,1.66,0.74,14.05,4.62,1.11,1.85,0.37,0,10.17,0,0.18,1.29,4.81,2.4,2.4,0.37,0.92,0.37,13.86,1.66,1.11,1.85,0.74,1.11,1.66,4.81,2.03,0.55,0,0.37,0.18,0.37,0.37,0,0,0,14.79,2.4,8.5,3.33,1.66,2.4,0.18,0.55,0,0.37,0.37,0,0,0.18,5.36,6.65,0,0,0.18,0,0.18,0,1.66,0,0,14.05
671,Jackson-Lee,Representative,17-Mar-11,House,Libya,1,D,671,Jackson-Lee,3,17,11,230,13.53,20.87,80,56.09,17.83,12.61,0.87,7.83,0.43,3.48,0,5.22,5.65,12.17,10,3.04,7.83,0.87,3.91,8.26,9.57,1.74,0.43,0.43,0,18.7,0.87,0,2.17,6.96,5.65,1.3,0,1.3,0,18.26,0.43,0.43,1.3,0.43,1.74,0.43,10.87,3.04,2.17,0.87,1.3,0,2.17,0.87,0.43,0,0.87,11.3,2.17,5.22,3.04,0,2.17,0,0,0,0,2.17,0,0,0,6.96,7.39,0,0,0.87,0,0.87,0,0,0,0,16.09
1042,Jackson-Lee,Representative,3-Jun-11,House,Libya,1,D,1042,Jackson-Lee,6,3,11,2376,20.31,36.03,67.05,39.56,4.92,2.31,0.72,0.72,0,0.46,0.42,2.61,7.83,8.63,5.64,2.27,3.49,1.18,1.09,14.6,4.21,0.67,1.14,0.93,0,6.02,0.13,0.13,1.85,5.68,2.1,3.58,0.17,2.44,0.63,12.92,1.52,2.23,0.67,1.52,1.22,2.02,3.7,1.01,0.76,0.17,0.21,0.29,0.76,0.13,0.42,0.17,0.04,12.37,1.77,7.24,3.07,3.24,2.9,0.42,0.21,0.42,0.17,0.84,0.08,0.04,0,6.06,4.76,0.08,0.08,0,0,0.67,0,2.06,0.38,0.51,14.98
1047,Jackson-Lee,Representative,24-Jun-11,House,Libya,1,D,1047,Jackson-Lee,6,24,11,3235,21.01,25.26,80.68,51.5,9.21,4.73,1.7,1.79,0.25,0.43,0.56,4.48,8.62,10.82,7.23,1.95,6.4,1.3,2.6,16.57,6.49,1.3,1.17,0.34,0.03,7.57,0,0.25,1.61,6.18,3.21,2.94,0.22,2.1,0.4,17.06,1.89,2.26,1.61,1.3,1.82,1.64,5.63,2.41,0.96,0.31,0.37,0.25,0.46,0.15,0.25,0.06,0,12.89,2.26,6.21,4.23,3.18,3.28,0.43,0.19,0.74,0.03,1.14,0.06,0.06,0.03,5.87,4.45,0.12,0.4,0.15,0.03,0.22,0,1.7,0.4,0,13.76
1003,JohnsonIL,Representative,3-Jun-11,House,Libya,0,R,1003,JohnsonIL,6,3,11,355,15.43,32.39,75.77,44.51,10.14,7.32,2.82,2.82,1.69,0,0,2.82,4.79,9.01,3.94,0.85,5.92,0.85,2.54,12.11,7.32,1.69,3.1,1.97,0,10.42,0,1.13,2.25,8.17,4.79,3.38,0,3.38,0,18.31,3.1,0.56,1.41,2.54,1.41,0.56,7.04,2.82,0.85,0.28,0.56,0,0.56,0.56,0,0,0,12.11,0.85,7.61,3.66,3.38,3.38,0,0.28,1.41,0.56,1.69,0,0,0,6.48,12.11,0.56,0.28,0,0,0.28,0,1.41,0,0.56,21.69
1007,JonesNC,Representative,3-Jun-11,House,Libya,0,R,1007,JonesNC,6,3,11,234,13,27.35,78.21,50.85,15.81,6.84,2.99,1.71,0.43,0.43,1.28,8.97,7.26,13.68,7.69,0.85,9.83,1.28,5.13,10.68,4.7,1.71,1.28,0.43,0,10.26,0,0,4.7,2.56,2.56,0,0,0,0,18.38,6.84,2.56,1.28,0.43,0.43,0.43,3.85,2.56,4.27,0,2.56,1.71,0,0,0,0,0,9.83,0.85,5.56,3.42,1.71,1.71,0.43,0.43,0.43,0,0,0.43,0.43,0,6.84,8.12,0,0,1.28,0,0,0,2.99,0,0,19.23
1040,JordanOH,Representative,3-Jun-11,House,Libya,0,D,1040,JordanOH,6,3,11,426,25.06,35.68,73.47,46.01,8.22,5.4,0.7,3.52,0,0.94,0.23,2.82,7.51,9.62,7.75,0.23,5.63,1.88,3.29,14.08,5.63,0.47,1.41,0.23,0,8.69,0,0.23,1.41,4.69,3.52,1.17,0,0.23,0.7,15.49,2.11,2.35,1.64,1.17,3.05,1.88,3.05,1.41,0.47,0,0.23,0.23,0.23,0.23,0,0,0,13.85,2.35,7.51,3.52,5.16,6.34,0.47,0.23,0,0,0,0,0,0,4.23,4.46,0,0,0,0,0.94,0,1.88,0,0,11.5
1049,Kaptur,Representative,24-Jun-11,House,Libya,1,D,1049,Kaptur,6,24,11,578,23.12,34.26,69.72,42.73,10.03,4.5,1.04,2.42,0,0,1.04,5.54,6.23,9.69,5.88,1.04,5.71,0.69,2.08,11.94,5.02,0.69,2.77,1.21,0,5.19,0.17,0,0.17,4.84,2.94,1.9,0,1.21,0.17,10.38,1.38,1.21,0.17,1.38,0.87,0.35,3.81,1.9,2.25,0.35,0,0,0.17,0.17,0,0,0,14.71,1.73,8.48,4.5,2.77,1.73,0.69,0.35,2.25,0.17,0.52,0,0.35,0.17,5.71,5.88,0.17,0.17,0,0,0.17,0,3.98,0,0.17,16.26
1087,KingIA,Representative,24-Jun-11,House,Libya,1,R,1087,KingIA,6,24,11,207,14.79,32.85,79.23,49.76,19.32,11.11,3.86,3.38,0.97,0.97,1.93,8.21,6.28,16.91,10.14,2.9,10.14,2.9,1.45,5.8,5.31,1.93,0.97,0.48,0,14.49,0,0,1.45,6.28,1.93,4.35,0,2.9,0.48,15.46,2.9,0.48,3.38,0.97,0.97,0.97,4.83,2.42,2.42,0.48,1.93,0,0,0,0,0,0,8.7,1.93,3.86,2.9,2.9,4.83,0,0.97,0,0,1.45,0,0,0,7.25,3.86,0.48,0.48,0,0,0,0,4.35,0.48,0,17.39
1019,Kinzinger,Representative,3-Jun-11,House,Libya,1,R,1019,Kinzinger,6,3,11,189,11.81,25.93,85.19,53.44,15.87,7.94,2.12,3.17,2.12,0,0.53,7.94,6.88,14.29,8.47,1.59,10.05,0,2.12,13.23,6.88,0,1.59,0.53,0,12.17,0,0,3.7,8.47,6.35,2.12,1.06,1.06,0,14.29,2.12,1.59,0.53,0,1.06,1.59,6.88,0.53,1.59,0.53,0.53,0,0,0,0,0,0,15.34,2.65,8.99,3.7,1.06,0.53,0,0,2.12,0,0.53,0,0,0,8.47,5.82,0,0,0,0,0.53,0,3.17,0,0,17.99
1055,Kinzinger,Representative,24-Jun-11,House,Libya,1,R,1055,Kinzinger,6,24,11,309,14.71,27.18,77.99,51.13,11.33,6.47,2.59,1.94,0,0.97,0.97,4.85,8.41,14.56,10.36,1.62,10.03,1.94,3.88,13.59,4.21,0.97,0.97,0,0,5.83,0,0.32,0.32,3.56,2.91,0.65,0,0.32,0,13.27,1.94,1.94,1.29,0.97,0.32,1.29,5.5,0.65,1.29,0.32,0.32,0.32,0,0,0,0,0,19.09,3.88,8.09,6.47,2.59,1.62,0,1.29,0,0,0.32,0,0,0,6.47,4.85,0.32,0,0.65,0,0,0,3.88,0,0,16.18
1018,Kucinich,Representative,3-Jun-11,House,Libya,0,D,1018,Kucinich,6,3,11,694,14.77,26.95,71.47,47.69,10.23,5.48,2.45,2.59,0.43,0,0,4.76,9.08,12.39,6.48,1.3,6.34,1.15,2.31,14.99,3.89,1.15,2.16,0.29,0,6.77,0.14,0.14,1.01,4.9,2.02,2.74,0.14,1.73,0.58,12.68,2.59,1.3,2.16,2.02,0.43,1.44,2.74,2.45,1.73,0.86,0.72,0.14,0.43,0.43,0,0,0,10.37,1.59,5.76,3.03,2.59,3.31,0.43,0.43,0,0,1.15,0,0.14,0,8.07,6.34,0,0,0.29,0,0,0,2.16,0,0,16.86
815,Kucinich,Representative,24-Jun-11,House,Libya,0,D,815,Kucinich,6,24,11,213,19.36,20.19,72.3,50.23,10.8,4.23,0,4.23,0,0,0,6.57,8.92,9.86,5.63,2.82,2.35,1.41,2.82,15.02,3.29,0.94,3.29,1.41,0,6.1,0,0,0,3.76,0.47,3.29,0,2.35,0.47,12.68,0.94,1.41,2.35,0.47,1.88,1.41,3.76,1.88,0.47,0.47,0,0,0,0,0,0,0,14.55,2.35,5.63,6.57,1.88,1.41,0.47,0.94,3.29,0,1.88,0,0,0,5.63,3.76,0,0.47,0.47,0,0.47,0,3.76,0,0.47,15.02
1048,Kucinich,Representative,24-Jun-11,House,Libya,0,D,1048,Kucinich,6,24,11,1032,12.14,24.32,77.81,51.07,13.08,6.98,1.84,3.49,1.07,0.1,0.48,6.1,8.53,14.83,9.4,1.84,10.76,1.07,3.2,11.24,4.26,1.36,1.94,1.07,0,9.59,0,0.1,1.65,5.52,1.74,3.78,0.1,3.49,0.1,15.21,2.03,1.65,2.42,0.58,0.68,1.84,5.62,1.65,1.07,0,0.87,0.19,0.48,0.29,0,0,0.19,11.72,2.23,4.84,4.46,2.23,2.62,0.19,0,1.55,0.29,2.62,0.19,0.1,0,8.33,4.94,0.29,0.1,0.78,0,0.58,0,4.84,0,0.1,19.96
1023,Langevin,Representative,3-Jun-11,House,Libya,1,D,1023,Langevin,6,3,11,285,12.95,35.09,67.02,41.05,8.07,5.26,3.16,2.11,0,0,0,2.81,6.67,7.72,4.21,0,4.21,1.05,1.75,12.63,6.32,1.4,1.75,0,0,5.61,0,0.35,1.05,4.91,3.16,1.75,0.35,0.7,0.35,15.79,2.11,1.4,1.75,1.75,0.7,2.11,4.91,2.46,0.7,0,0.35,0.35,0.35,0,0.35,0,0,12.63,2.46,7.37,2.81,1.75,4.91,0.7,0.35,0,0,0,0,0,0,9.12,5.96,0,0,0,0,0,0,1.75,0,0,16.84
1088,Langevin,Representative,24-Jun-11,House,Libya,1,D,1088,Langevin,6,24,11,306,25.5,34.31,70.92,43.46,10.13,5.56,2.94,2.61,0,0,0,4.58,8.17,8.17,3.92,0.33,6.21,0.98,1.63,12.75,6.21,0.65,1.31,0,0,6.54,0,0.65,1.63,7.84,5.23,2.61,0.33,0.65,0.65,15.69,0.98,2.94,0.33,0.65,0.98,3.92,5.56,0.98,0.65,0,0.65,0,0.33,0,0.33,0,0,8.82,0.65,5.23,3.27,2.61,3.92,0.98,0.33,0,0.33,0,0,0,0.33,7.52,6.21,0,0,0,0,0,0,0.33,0,0,14.05
1028,Lee,Representative,3-Jun-11,House,Libya,0,D,1028,Lee,6,3,11,261,18.64,28.35,69.73,46.36,10.34,6.51,2.3,3.83,0,0.38,0,3.83,5.75,11.11,6.9,1.53,6.13,0.77,4.21,14.18,4.6,0.77,1.53,0.38,0,7.28,0,0,0,3.45,1.53,1.92,0,1.15,0.38,18.39,2.68,3.45,0.77,0.77,0.77,1.53,6.51,3.07,1.92,0,1.92,0,0,0,0,0,0,11.88,2.68,5.36,3.83,3.45,5.36,0,0,0,0,0.77,0,0,0,6.51,5.75,0,0.38,0,0,1.15,0,0.38,0,0,14.18
1077,LevinS,Representative,24-Jun-11,House,Libya,1,D,1077,Levin,6,24,11,105,11.67,32.38,69.52,40,7.62,2.86,0.95,1.9,0,0,0,4.76,7.62,14.29,9.52,2.86,5.71,2.86,3.81,7.62,3.81,0,1.9,0,0,2.86,0,0,0,6.67,1.9,4.76,0,0.95,0.95,20.95,5.71,1.9,5.71,1.9,1.9,1.9,1.9,1.9,0,0,0,0,0.95,0,0.95,0,0,13.33,2.86,4.76,5.71,3.81,3.81,0,0.95,0,0,0.95,0,0,0,9.52,2.86,0.95,0,0,0,0,0,1.9,0,0,15.24
1002,Lynch,Representative,3-Jun-11,House,Libya,0,D,1002,Lynch,6,3,11,209,20.9,27.27,75.6,50.72,12.92,7.18,2.87,2.87,0,0.48,0.96,5.74,6.7,10.05,6.7,1.44,6.22,0.48,3.83,13.88,3.83,1.91,1.91,2.39,0,8.13,0.48,0.48,0.48,7.66,3.83,3.83,0,1.91,0.48,14.83,0.48,1.91,0.48,0.96,2.39,1.44,4.78,1.44,1.44,0,0.96,0.48,1.91,0,1.91,0,0,10.05,0.96,7.18,2.39,2.39,3.35,0.96,0.48,0,0,0.96,0,0,0.48,5.74,4.78,0.48,0.96,0,0,0,0,3.83,0,0,15.79
1052,Lynch,Representative,24-Jun-11,House,Libya,0,D,1052,Lynch,6,24,11,342,16.29,25.73,74.56,51.75,13.45,8.48,3.51,3.8,0,0,1.17,4.97,6.73,11.11,6.14,2.34,6.43,0.58,5.26,15.5,4.09,0.88,2.92,2.63,0,10.23,0.58,0.88,1.17,4.39,1.75,2.63,0.29,1.75,0.29,11.11,0.29,1.46,0.29,0.88,1.17,1.17,4.39,0.88,1.75,0,1.17,0.58,0.58,0,0.29,0,0.29,16.08,1.46,10.23,4.68,2.05,2.34,0.58,1.17,0,0,0.29,0,0.58,0.29,7.6,6.73,0.29,0.58,0,0,0,0,4.09,0,0,19.3
1046,McCaul,Representative,24-Jun-11,House,Libya,0,R,1046,McCaul,6,24,11,354,20.82,29.66,77.12,48.02,12.71,6.5,1.98,1.98,0,2.26,0.28,6.21,7.91,9.32,5.93,1.69,6.78,0.28,2.82,13.56,5.65,1.41,0.85,0.28,0,10.73,0.28,0.28,1.98,6.78,2.54,4.24,0.28,2.82,0.85,14.97,2.26,1.69,0.56,1.13,1.98,1.41,5.08,1.69,1.41,0,1.41,0,0,0,0,0,0,9.89,1.69,4.8,3.11,4.24,5.37,0,0,1.13,0,1.41,0.56,0,0,4.24,7.34,0,0.28,1.13,0,0.28,0,3.95,0.28,0,17.8
1001,McClintock,Representative,3-Jun-11,House,Libya,0,R,1001,McClintock,6,3,11,260,20,30.77,76.15,48.46,10,5,0.77,3.08,0,1.15,0,5,6.92,13.46,8.08,1.54,9.62,1.54,5.38,10,7.69,1.54,1.54,0.38,0.38,6.54,0,0,0.38,5.77,2.31,3.46,0.38,2.69,0.38,21.54,2.31,3.46,2.69,4.23,2.31,0.77,6.92,3.85,0.77,0.38,0.38,0,0.77,0.38,0.38,0,0,11.15,3.46,4.23,3.08,2.69,4.23,0,0,0,0.77,0.38,0,0.38,0,4.62,5.77,0.77,0.38,0.38,0,0.38,0,1.92,0,0,14.23
1063,McClintock,Representative,24-Jun-11,House,Libya,0,R,1063,McClintock,6,24,11,149,13.55,37.58,72.48,46.98,12.75,6.04,0.67,2.01,0,1.34,2.01,6.71,6.71,6.04,4.7,0,6.04,0,4.7,12.08,4.03,2.01,1.34,0,0,8.05,0,0,1.34,6.04,1.34,4.7,0,2.68,0.67,15.44,3.36,0.67,0.67,0,2.01,1.34,3.36,4.03,0.67,0,0.67,0,0,0,0,0,0,14.77,4.03,5.37,4.7,1.34,2.01,0.67,1.34,1.34,0,2.01,0,0,0,7.38,6.71,0.67,0,0,0,0,0,0.67,0,0,15.44
1075,McDermott,Representative,24-Jun-11,House,Libya,1,D,1075,McDermott,6,24,11,186,12.4,23.66,83.33,54.3,15.05,9.14,4.84,1.08,0.54,2.69,0,5.91,9.14,15.05,7.53,10.22,4.3,0,2.15,13.44,4.84,1.08,0.54,1.08,0,11.29,0,0,1.08,2.69,2.69,0,0,0,0,11.29,2.15,1.61,0.54,1.08,0,1.08,4.3,2.15,3.76,1.08,2.15,0,1.08,0,0.54,0,0.54,12.9,3.23,5.38,4.3,4.3,3.76,0.54,0.54,0.54,1.08,1.08,0,0,0,8.6,5.38,0,0,0,0,0,0,0.54,0,0,14.52
998,McKeon,Representative,3-Jun-11,House,Libya,0,R,998,McKeon,6,3,11,598,22.15,44.31,71.07,38.8,10.54,7.36,4.52,2.34,0,0.17,0.33,3.18,6.35,8.19,4.35,0.5,4.52,1.51,1.67,11.04,3.68,2.17,1.34,0.33,0,7.02,0,0.5,0.67,5.52,3.01,2.51,0.17,1.34,0.67,15.55,3.34,3.18,1.17,0.33,1.67,2.34,2.51,1.51,0.84,0,0.67,0.17,0.5,0.17,0.33,0,0,10.87,1.84,5.85,3.01,3.18,3.01,2.01,0.17,0.5,0.17,0.17,0.17,0.17,0,6.86,6.02,0,0.67,0,0,0.33,0,0.67,0,0.17,14.72
1068,McKeon,Representative,24-Jun-11,House,Libya,0,R,1068,McKeon,6,24,11,720,15,34.44,74.03,44.72,14.03,8.19,4.31,3.06,0,0.14,0.69,5.83,6.39,10.14,6.11,1.11,5.97,1.67,2.22,11.81,3.47,0.97,1.25,0,0,9.17,0,1.11,1.81,7.22,4.58,2.64,0.42,1.94,0.14,15,1.39,2.78,2.22,1.53,1.39,1.94,3.47,1.39,1.53,0.14,0.97,0.42,0.42,0.42,0,0,0,11.81,1.25,6.11,4.44,3.47,3.47,0.97,0,0.97,0,0.28,0.28,0,0,8.75,5,0,0,0,0,0.28,0,2.08,0,0,16.11
1081,MeeksNY,Representative,24-Jun-11,House,Libya,1,D,1081,MeeksNY,6,24,11,168,12.92,30.95,73.81,46.43,14.88,9.52,0.6,8.33,0,0.6,0,5.36,8.33,12.5,8.33,1.19,8.93,1.19,1.79,9.52,3.57,0,0,0.6,0,14.29,0,0,2.38,1.19,1.19,0,0,0,0,12.5,1.79,1.19,0.6,0.6,0,0.6,7.74,1.19,2.38,0.6,1.79,0,0,0,0,0,0,14.88,1.79,5.95,7.14,4.17,3.57,0.6,0,0,0,0.6,0,0,0,10.12,6.55,0,0,0.6,0,0,0,2.38,0,0,19.64
1022,MillerJeff,Representative,3-Jun-11,House,Libya,0,R,1022,MillerJeff,6,3,11,127,21.17,29.13,77.95,48.82,13.39,9.45,4.72,0.79,0,0.79,3.15,3.94,5.51,10.24,7.09,2.36,6.3,1.57,3.94,14.17,5.51,0.79,0.79,0,0,8.66,0,0,0.79,5.51,3.15,2.36,0,2.36,0,18.11,4.72,1.57,1.57,0,4.72,1.57,4.72,0.79,1.57,0,1.57,0,0,0,0,0,0,15.75,0,11.81,3.15,3.94,5.51,0,0,0,1.57,1.57,0.79,0,0,4.72,7.09,0,0,0,0,0,0,1.57,0,0,13.39
1065,MillerMI,Representative,24-Jun-11,House,Libya,0,R,1065,MillerMI,6,24,11,268,11.17,24.25,77.24,52.24,16.79,12.31,2.61,3.73,0,2.24,3.73,4.48,5.6,13.43,8.96,2.61,7.09,0.75,4.1,11.19,4.48,1.87,1.49,0.37,0.37,13.81,0,0.37,1.12,4.85,1.87,2.99,0.75,1.87,0.37,13.06,1.87,1.49,0.75,0.37,0.37,0.75,4.85,1.87,2.61,0.75,1.87,0,1.12,0.75,0.37,0,0,8.58,1.12,4.48,2.24,2.99,1.49,0,0.37,3.73,0.37,0,0.37,0.37,0.37,10.07,6.72,0,0.75,0.37,0,0.37,0,3.36,0,0,21.64
1008,MoranVA,Representative,3-Jun-11,House,Libya,0,D,1008,MoranVA,6,3,11,822,17.49,26.03,78.59,53.28,14.23,7.06,0.24,5.11,0,0.49,1.22,7.18,7.18,13.63,10.1,1.09,9.12,1.34,2.43,13.26,6.57,1.82,1.34,0.24,0,9.37,0,0,0.97,4.38,2.8,1.58,0.36,0.24,0.49,20.07,2.55,3.04,1.58,1.09,2.55,0.85,6.33,3.04,1.46,0.73,0.49,0.24,0.61,0.36,0.24,0,0,11.07,2.07,5.6,3.28,3.04,4.26,0.36,0.12,0.36,0.36,0.49,0,0,0.12,5.47,5.72,0,0.12,0.24,0,0,0,2.92,0,0,14.48
1051,MoranVA,Representative,24-Jun-11,House,Libya,0,D,1051,MoranVA,6,24,11,757,18.46,31.04,72.79,46.24,12.02,6.34,0.26,3.83,0.13,1.59,0.53,5.68,7.4,10.96,7.13,1.06,7,1.32,1.85,12.29,4.76,1.19,1.59,0.4,0,10.44,0,0.26,1.59,6.87,3.43,3.43,0.26,2.38,0.53,16.91,2.64,1.45,1.72,0.92,1.06,1.45,6.47,2.25,0.79,0.13,0.4,0,0.66,0.26,0.26,0.13,0.13,10.83,0.92,5.94,3.83,2.38,2.25,0.79,0.4,0.53,0,0.92,0,0.13,0.13,5.81,6.47,0,0.53,0.13,0,0.13,0,2.25,0,0,15.32
1004,Nadler,Representative,3-Jun-11,House,Libya,0,D,1004,Nadler,6,3,11,381,15.24,28.61,74.54,50.39,9.19,4.2,0.26,2.1,0.26,0.52,1.05,4.99,10.24,12.6,8.92,4.99,5.25,1.05,3.15,12.34,4.2,2.36,1.31,0.26,0,7.35,0,0,0.79,3.67,1.31,2.36,0,2.1,0,14.96,3.41,1.84,2.1,1.84,1.05,0.52,3.41,3.41,1.84,0,1.05,0.79,0.79,0.52,0,0.26,0,10.76,1.84,4.2,4.46,3.15,4.46,0,0.26,0.26,0,1.57,0.26,0,0,7.35,6.56,0,0.52,0,0,0,0,2.36,0,0,16.8
1037,Palazzo,Representative,3-Jun-11,House,Libya,0,R,1037,Palazzo,6,3,11,171,17.1,33.33,72.51,45.03,10.53,9.36,1.75,6.43,0,0.58,0.58,1.17,7.02,11.11,5.85,0,7.02,2.34,4.09,9.94,8.19,1.17,0.58,1.17,0,12.28,0.58,0.58,1.75,9.94,5.85,4.09,0.58,1.75,2.34,20.47,2.92,2.34,2.92,1.17,2.92,1.17,8.77,0.58,1.17,0.58,0.58,0,1.17,0.58,0.58,0,0,7.6,1.75,2.34,3.51,4.09,4.68,0.58,1.75,0,0,1.17,0.58,0,0,5.26,5.26,0,0,0.58,0,0,0,1.75,0,0,12.87
1010,Paul,Representative,3-Jun-11,House,Libya,0,R,1010,Paul,6,3,11,164,13.67,23.17,79.27,51.83,20.73,9.76,2.44,6.71,0,0,0.61,10.98,3.05,15.85,10.37,3.66,7.32,3.66,2.44,10.98,4.27,2.44,0,0,0,13.41,0,0,0.61,5.49,3.66,1.83,0,1.22,0,23.17,1.83,1.22,5.49,1.22,0.61,3.05,8.54,3.05,0.61,0,0.61,0,0.61,0,0.61,0,0,9.15,3.66,1.83,3.66,1.83,3.66,0,0,0,0.61,1.22,0,0,0,7.93,4.27,0,0,0,0,0,0,0.61,0,0,12.8
814,Paul,Representative,24-Jun-11,House,Libya,0,R,814,Paul,6,24,11,172,15.64,25.58,77.33,58.14,13.95,6.4,4.07,1.74,0,0.58,0,7.56,5.81,15.7,12.79,1.16,6.98,1.74,4.65,7.56,6.4,0.58,1.16,7.56,0,5.23,0,0.58,0.58,3.49,2.91,0.58,0,0,0,14.53,1.74,1.16,0.58,0,1.16,1.16,5.23,2.91,1.74,0.58,1.16,0,0,0,0,0,0,9.88,0.58,4.07,5.23,2.33,5.81,0,0,0.58,0,0,0.58,0,0,8.72,8.72,0.58,0,0,0,0,0,1.74,0,0,19.77
1061,Paul,Representative,24-Jun-11,House,Libya,0,R,1061,Paul,6,24,11,858,13.2,25.87,79.49,55.13,14.34,6.88,1.63,4.2,0.35,0.35,0.35,7.46,6.76,16.32,10.49,2.21,11.42,1.05,5.94,11.07,6.18,1.75,2.68,0.82,0,7.81,0,0,0.47,5.13,2.68,2.45,0.23,1.17,0,17.25,2.56,2.1,1.52,1.86,0.93,1.28,5.48,1.75,0.82,0.23,0.58,0,0.47,0,0.47,0,0,12.24,2.33,6.64,2.91,2.45,3.38,0.12,0.23,1.17,0,1.05,0.12,0.23,0,8.04,5.83,0.23,0,0.58,0,0.23,0,4.66,0,0,19.58
1043,Pence,Representative,3-Jun-11,House,Libya,0,R,1043,Pence,6,3,11,400,17.39,33,75.75,44.75,9.5,6.25,2.75,3,0.25,0.25,0,3.25,7.25,10.75,6.75,1.5,5.25,1.5,3,12.75,3.5,1.5,1,0.5,0,8,0,0,1.75,6,3.75,2.25,0.25,1.5,0.25,16.25,3,2.5,0.5,0.5,3,1.25,4.5,1.25,1.5,0,1.25,0.25,0.25,0.25,0,0,0,13.5,1.5,8.25,3.75,3.5,4,0,0.5,0,0.5,0.5,0,0,0,6,6,0,0,0,0,0.25,0,1.25,0,0,13.5
929,Poe,Representative,29-Mar-11,House,Libya,0,R,929,Poe,3,29,11,165,15,33.94,76.97,45.45,7.88,3.03,0.61,1.21,0,0.61,0.61,4.85,10.3,10.91,7.88,0,9.7,0.61,4.85,10.91,4.24,1.21,1.82,0.61,0,9.09,0,0,3.64,7.88,2.42,5.45,2.42,2.42,0,12.12,2.42,0.61,1.21,1.82,0,1.82,1.82,1.21,1.21,0,0.61,0.61,0,0,0,0,0,13.33,0,8.48,3.64,3.64,4.24,0,0.61,0,0,1.82,0,0,0.61,7.27,2.42,0,0,1.21,0,0,0,7.27,0,0,18.18
1005,Poe,Representative,3-Jun-11,House,Libya,0,R,1005,Poe,6,3,11,287,13.67,24.39,73.17,47.39,10.45,5.57,1.05,3.14,0.7,0,0.7,4.88,12.89,11.5,6.62,4.53,5.92,0.35,1.74,8.36,3.83,2.09,1.74,0,0,9.06,0,0,1.39,6.62,2.79,3.83,0,3.14,0,16.03,1.39,0.35,0.7,1.74,2.44,1.39,5.57,2.79,2.79,0,2.79,0,0,0,0,0,0,8.71,3.48,3.48,1.74,3.48,4.88,0,0,0.35,0.35,2.79,0,0.7,0,8.71,6.97,0.7,0,0,0,0,0,0.35,0,0,16.72
816,Poe,Representative,24-Jun-11,House,Libya,0,R,816,Poe,6,24,11,160,10,27.5,73.12,44.38,7.5,4.38,0.62,2.5,1.25,0,0,3.12,7.5,11.88,9.38,1.88,6.88,1.88,5,9.38,4.38,2.5,0.62,1.88,0,8.12,0,0,1.88,9.38,2.5,6.88,0,6.88,0,11.25,0.62,1.25,1.88,0.62,0.62,0.62,3.12,2.5,2.5,0,2.5,0,0,0,0,0,0,13.12,0.62,9.38,1.88,2.5,3.12,0,0,2.5,0,5,0,0,0,6.88,5.62,0,0,3.75,0,0,0,5.62,0,0.62,22.5
1076,Poe,Representative,24-Jun-11,House,Libya,0,R,1076,Poe,6,24,11,515,11.44,23.3,78.25,53.4,15.15,7.38,1.36,4.27,0,0.39,1.36,7.77,6.02,16.12,11.84,2.14,9.51,1.75,2.52,12.43,4.08,2.14,1.17,0.39,0,8.74,0,0,0.97,5.05,1.36,3.69,0,2.91,0,19.42,3.3,3.11,2.14,2.52,0.97,0.97,5.83,2.52,0.58,0,0.39,0.19,0,0,0,0,0,13.2,2.72,7.18,3.3,2.72,2.91,0,0.39,1.75,0,2.14,0,0,0.19,8.54,2.91,0,0,0.39,0,0.39,0,3.88,0,0.39,16.5
999,Rangel,Representative,3-Jun-11,House,Libya,1,D,999,Rangel,6,3,11,352,17.6,27.27,78.69,52.84,16.48,9.66,2.56,3.69,0.85,0.57,1.99,6.82,7.67,13.35,7.95,2.56,8.52,0.57,2.84,7.95,8.24,3.98,0.85,0,0,16.19,0.57,0.85,2.84,7.39,4.55,2.84,0,0.85,0.28,20.17,1.99,2.27,1.7,2.27,1.42,0.28,6.25,5.4,1.99,0,1.7,0.28,0.57,0.28,0,0.28,0,6.53,1.42,1.99,2.56,2.27,4.26,0.28,0.28,0,0.85,1.14,0,0.57,0,5.97,6.25,0,0.85,0,0,0,0,2.84,0,0,15.91
1039,Reyes,Representative,3-Jun-11,House,Libya,1,D,1039,Reyes,6,3,11,414,27.6,34.78,75.6,45.65,10.87,7.73,3.62,3.14,0,0.24,0.72,3.14,7.49,7.73,4.59,1.93,4.59,0.97,3.62,14.01,5.31,0.72,1.93,0,0,10.87,0,0.48,0.48,3.62,1.45,1.93,0.48,1.45,0,15.46,4.11,2.17,0,0.97,1.93,1.21,3.86,1.45,1.45,0.72,0.24,0.24,0,0,0,0,0,13.04,2.42,5.31,5.31,3.14,1.21,1.21,0.97,0.48,0,0.24,0,0,0.24,3.62,5.31,0,0,0,0,0.24,0,0.72,0,0,9.9
1036,Rigell,Representative,3-Jun-11,House,Libya,0,R,1036,Rigell,6,3,11,140,35,35,70,40,9.29,6.43,5,1.43,0,0,0,2.86,8.57,9.29,5,2.86,5.71,0,2.14,10.71,2.86,2.14,0.71,0.71,0,6.43,0,2.14,0,7.14,5,2.14,0,2.14,0,13.57,4.29,2.14,0,0,1.43,0.71,3.57,1.43,1.43,0,1.43,0,0.71,0,0,0.71,0,7.86,1.43,5.71,0,5,5,0.71,1.43,0,0,0.71,0,0,0,5.71,5.71,0,0,0,0,0,0,5,0,0,16.43
1000,RogerMI,Representative,3-Jun-11,House,Libya,1,R,1000,RogersMI,6,3,11,800,13.79,27.12,78.12,51.12,19.62,12.25,2.12,6.25,1,1.75,1.12,7.38,5,15.62,9.38,0.75,12.62,1,3.62,10,4.62,1.62,0.5,0.75,0,14.12,0,0.25,0.88,8.88,4.5,4.38,0.75,2.5,0.38,15.75,2.5,1.25,1.5,0.75,1.38,1.25,6,1.38,1.25,0.5,0.5,0.25,1.12,0.88,0.12,0.12,0,11.62,2.5,7.25,1.88,1.25,2,0.5,0.25,0,0.12,0.5,0.88,0,0.12,7.25,5.62,0.12,0,0.75,0,0.38,0,5.25,0,0,19.38
1044,Rooney,Representative,24-Jun-11,House,Libya,0,R,1044,Rooney,6,24,11,862,20.52,24.25,79.23,53.02,12.3,7.08,1.16,3.94,0.23,0.81,0.93,5.22,7.19,13.23,8.35,2.2,8.93,0.81,2.9,13.46,8.7,2.09,1.51,0.58,0,11.02,0.12,0.12,1.04,3.83,1.97,1.86,0,1.62,0,18.45,1.28,1.51,1.74,3.13,1.04,0.58,7.19,4.18,2.67,0.12,2.55,0,0.93,0.35,0.35,0,0.23,12.06,1.74,5.34,4.87,2.55,3.94,0.58,0.46,0.7,0,0.81,0.12,0.12,0,4.52,7.54,0.23,0.23,0.7,0,0,0,4.29,0,0,17.52
995,Ros-Lehtinen,Representative,3-Jun-11,House,Libya,0,R,995,Ros-Lehtinen,6,3,11,1569,19.61,36.07,71.26,44.3,10.07,4.72,1.66,1.85,0,0.7,0.51,5.35,8.41,6.88,5.29,0.45,3.89,1.59,2.49,12.49,5.86,0.7,1.15,0.25,0,7.27,0.13,0.32,0.96,5.1,3,2.04,0,1.59,0.06,16.63,2.36,2.55,1.78,1.15,1.47,2.42,4.65,1.85,1.66,0.13,1.34,0.13,0.45,0.13,0.32,0,0,10.52,1.72,6.31,2.55,2.61,3.31,0.57,0.51,0.38,0.13,0,0,0.13,0.06,7.52,6.18,0.13,0,0.57,0,0.25,0,1.34,0.06,0,16.12
1073,Ros-Lehtinen,Representative,24-Jun-11,House,Libya,0,R,1073,Ros-Lehtinen,6,24,11,659,20.59,41.73,71.17,42.79,8.35,4.25,2.12,1.52,0,0.46,0.15,4.1,7.13,10.02,7.13,1.21,5.46,1.67,3.34,12.29,4.1,0.61,0.91,0.15,0,6.53,0,0.3,0.91,4.7,2.73,1.97,0,1.52,0,17.3,3.64,2.58,1.67,1.67,2.43,1.82,4.1,1.06,0.91,0,0.91,0,0.76,0,0.76,0,0,11.99,1.82,6.22,3.95,4.1,3.19,0.91,0,0,0.46,0,0.15,0.15,0,9.1,5.77,0.15,0.91,0.15,0,0.61,0,2.28,0.15,0,19.27
1059,ScottGA,Representative,24-Jun-11,House,Libya,0,D,1059,ScottGA,6,24,11,223,17.15,23.77,82.06,52.47,11.21,3.59,0.9,2.24,0.45,0,0,7.62,8.97,13.45,9.87,1.35,9.87,1.35,4.48,10.31,4.93,1.35,2.69,1.35,0,10.31,0,0,1.35,6.28,3.14,3.14,0,1.79,0.45,14.35,1.35,1.35,1.35,1.35,1.35,0.9,4.93,3.59,1.79,1.35,0.45,0,0,0,0,0,0,9.87,4.04,4.48,0.9,1.35,3.14,0.45,1.79,0.9,0,0.9,0,0,0,5.83,4.93,0,0.45,0,0,0.45,0,0.9,0,0,12.56
1016,Sherman,Representative,3-Jun-11,House,Libya,0,D,1016,Sherman,6,3,11,997,16.9,27.78,77.43,52.06,13.34,6.02,1,3.61,0.5,0.1,0.8,7.32,7.82,11.33,7.82,0.4,8.22,1.71,3.31,12.44,6.62,1.71,1.91,0.1,0,9.33,0,0,0.7,3.91,1.71,2.11,0.6,1.3,0,19.86,3.01,1.71,1.6,2.31,2.01,1.71,6.12,3.11,0.8,0,0.8,0,0.5,0.2,0.3,0,0,10.53,2.71,3.31,4.21,2.61,3.91,0.3,0,0.7,0,1.1,0.2,0.1,0,5.22,5.22,0.1,0.4,0.9,0,0.2,0,2.11,0.1,0,14.34
1058,Sherman,Representative,24-Jun-11,House,Libya,0,D,1058,Sherman,6,24,11,350,19.44,26.29,76.29,52,13.71,6,1.43,2.86,0,0.86,0.86,7.71,7.14,12,9.14,1.71,6.57,2.57,2.86,11.71,6,1.43,2,0.86,0,7.14,0,0,0.57,4,2,2,0,1.14,0.57,19.71,2,1.43,3.71,2.29,2,2.57,5.71,3.43,1.14,0.57,0.57,0,0,0,0,0,0,8.29,2,4.57,1.71,3.14,6.29,0.29,0.57,0.86,0.29,0.29,0.57,0,0,5.43,6.86,0,0,0.57,0,0,0,2.29,0,0.29,15.43
1080,SmithNJ,Representative,24-Jun-11,House,Libya,0,R,1080,SmithNJ,6,24,11,472,15.23,35.38,71.19,45.76,10.81,6.36,3.39,1.48,0.21,0.85,0.42,4.45,6.36,8.47,5.08,3.39,2.75,0.42,7.2,10.59,5.3,2.12,1.48,0.42,0,9.96,0,0.21,1.69,3.18,1.27,1.91,0.21,1.48,0,16.31,3.6,2.12,0.85,2.97,1.48,1.48,3.81,2.33,1.27,0,1.06,0.21,0.21,0.21,0,0,0,12.29,2.12,5.51,4.87,2.12,1.69,0,0,0.21,0,1.27,0.21,0,0.21,9.32,6.36,0,0,0.85,0.21,0.21,0,1.69,0,0,18.64
1032,SmithWA,Representative,3-Jun-11,House,Libya,1,D,1032,SmithWA,6,3,11,1248,17.33,26.44,80.13,56.01,14.5,7.53,2.88,3.61,0,0.72,0.32,6.97,6.97,15.95,11.62,3.93,9.05,1.52,3.69,10.82,4.81,2.72,2.64,0.32,0,8.65,0,0.08,1.84,4.33,2.96,1.36,0.32,0.64,0.16,21.15,3.29,1.6,2.08,1.68,2.16,1.84,6.01,3.45,1.12,0.16,0.8,0.16,0.32,0.16,0.16,0,0,10.98,1.6,6.17,2.8,1.84,3.29,0,0.24,0.08,0,0.08,0.32,0,0,6.01,5.45,0.08,0.24,0.08,0,0,0,1.76,0,0,13.62
1045,SmithWA,Representative,24-Jun-11,House,Libya,1,D,1045,SmithWA,6,24,11,1892,16.6,26,78.75,55.18,16.65,8.35,2.17,4.28,0.26,0.48,1.16,8.3,6.66,14.9,10.25,2.22,10.57,0.9,3.59,12.16,4.81,1.8,1.74,0.37,0,10.78,0.05,0,1.32,4.39,3.07,1.32,0.32,0.69,0.16,18.92,2.54,1.59,2.17,1.27,1.85,2.01,6.4,2.01,1.69,0.16,1.16,0.37,0.32,0.21,0.11,0,0,10.89,1.59,5.92,3.44,0.74,2.11,0.32,0.37,0.16,0.05,0.05,0.42,0.21,0.26,6.45,5.76,0.05,0.05,0.21,0,0.21,0,2.01,0,0,14.75
1013,Southerland,Representative,3-Jun-11,House,Libya,0,R,1013,Southerland,6,3,11,129,18.43,24.03,79.84,53.49,12.4,6.2,3.88,2.33,0,0,0,6.2,6.98,13.95,10.85,2.33,10.85,0.78,2.33,12.4,7.75,0,2.33,0,0,5.43,0,0,2.33,5.43,1.55,3.88,3.1,0,0,13.18,0.78,0.78,0.78,0.78,2.33,3.1,5.43,0.78,0,0,0,0,0,0,0,0,0,14.73,1.55,4.65,7.75,1.55,1.55,0,3.1,0.78,0,0,0,0,0,5.43,3.1,0,0,0,0,0,0,0,0,0,8.53
1021,Stark,Representative,3-Jun-11,House,Libya,0,D,1021,Stark,6,3,11,186,15.5,28.49,73.66,43.55,7.53,3.76,2.15,1.61,0,0,0,3.76,5.38,9.68,4.84,1.08,5.38,1.08,1.61,16.67,4.84,2.15,1.08,0,0,5.38,0,0.54,1.61,5.91,2.15,3.76,0,3.76,0,16.13,3.76,2.69,0.54,0.54,0,0.54,7.53,1.08,0.54,0,0.54,0,0.54,0,0.54,0,0,13.98,3.23,5.38,6.45,3.23,4.84,0,0,0,0,3.23,0,0,0,6.45,5.91,0,0,0,0,0,0,0,0.54,0,13.44
1072,Stark,Representative,24-Jun-11,House,Libya,0,D,1072,Stark,6,24,11,357,14.28,34.17,68.91,43.14,12.04,7.56,1.68,5.88,0,0,0,4.48,5.04,6.72,2.8,0.56,3.92,0.56,2.24,14.57,4.48,1.4,1.12,0,0,8.68,0,0.56,1.12,4.48,1.68,2.8,0,2.8,0,15.41,0,0.56,1.12,0,1.12,3.36,8.4,0.84,0.56,0,0.56,0,1.68,0.56,1.12,0,0,16.25,1.68,9.52,5.04,2.8,2.24,1.12,0,1.12,0,1.68,0,0,0,8.68,4.48,0,0,0,0,0,0,0,0,0,13.17
1031,Stivers,Representative,3-Jun-11,House,Libya,,R,1031,Stivers,6,3,11,298,21.29,36.58,77.52,45.64,13.42,10.4,5.03,3.36,0.34,0.67,1.01,3.02,6.38,14.09,7.38,1.68,9.4,2.01,1.68,10.4,6.04,2.01,0.67,0,0,9.4,0,0,0.67,6.38,5.37,1.01,0,0,0.34,21.14,7.05,2.68,2.68,2.35,0,1.34,5.7,2.01,1.34,0,1.34,0,0.67,0,0.67,0,0,9.73,0.67,4.36,5.7,2.68,5.37,0,0,0,0,0,0.34,0,0,6.04,6.04,0,0,0,0,0.67,0,2.35,0,0,15.1
1069,Terry,Representative,24-Jun-11,House,Libya,0,R,1069,Terry,6,24,11,165,13.75,29.09,77.58,52.73,14.55,7.27,3.64,3.03,0,0.61,0,7.27,8.48,11.52,7.88,5.45,6.06,0,3.64,11.52,5.45,1.82,0.61,1.82,0,4.85,0,0.61,0,4.24,4.24,0,0,0,0,12.12,0.61,1.21,0,0.61,0.61,2.42,6.06,0.61,1.82,1.21,0,0.61,1.21,0.61,0.61,0,0,15.15,3.03,6.67,4.85,2.42,4.24,0.61,0,1.21,0,0,0,0,0,7.27,2.42,0,1.21,0,0,0,0,1.82,0,0,12.73
1035,Turner,Representative,3-Jun-11,House,Libya,0,D,1035,Turner,6,3,11,276,16.24,32.97,75,45.29,13.77,10.87,1.81,5.8,0.36,1.09,1.81,2.9,5.8,16.3,8.33,2.54,11.59,0.36,1.81,9.78,2.54,3.62,0.36,1.09,0,13.77,0,0.72,0.72,3.99,2.9,1.09,0,1.09,0,17.39,5.07,1.09,0.72,0.36,0.72,1.09,5.07,3.99,3.62,1.09,2.17,0.36,0.72,0.72,0,0,0,6.52,1.45,3.99,1.45,3.62,2.54,0.36,2.17,0,0,0.36,0,0,0.36,6.88,5.43,0,1.09,0.36,0,1.45,0,1.81,0,0,17.03
1050,Turner,Representative,24-Jun-11,House,Libya,0,D,1050,Turner,6,24,11,309,14.05,34.95,73.14,47.25,9.39,7.44,0.97,3.88,0.32,0.65,1.62,1.94,8.41,13.92,8.09,1.29,10.36,0.97,1.29,13.59,4.85,2.59,0.97,0,0,10.68,0,0.32,1.29,5.83,4.21,1.62,0,1.29,0,15.86,2.59,0.97,0.65,1.62,1.29,2.27,3.56,4.21,1.29,0.65,0.65,0,0,0,0,0,0,7.44,1.94,4.53,1.29,2.91,3.56,0.32,0.97,0.32,0,0.32,0,0,0.32,10.36,4.21,0.32,0.32,0.32,0,0.65,0,0.97,0,0,17.15
1020,VanHollen,Representative,3-Jun-11,House,Libya,1,D,1020,VanHollen,6,3,11,371,20.61,33.15,71.43,40.43,6.74,5.66,1.62,1.62,0,1.62,0.81,1.08,7.82,8.36,4.31,2.16,3.5,0.81,0.81,15.63,3.77,0.54,1.62,0,0,10.24,0,0.27,1.35,4.31,2.43,1.89,0,0.54,0.54,15.09,2.43,3.23,0.54,1.08,0,3.23,4.58,0.27,2.43,0.81,1.35,0.27,1.08,0.54,0.54,0,0,10.51,2.16,6.47,2.16,4.31,4.85,1.08,0.54,0.27,0.27,0.27,0,0,0,8.36,4.04,0,0,0,0,0.27,0,5.12,0,0,17.79
1082,Welch,Representative,24-Jun-11,House,Libya,1,D,1082,Welch,6,24,11,118,16.86,28.81,79.66,46.61,10.17,7.63,3.39,4.24,0,0,0,2.54,11.02,9.32,5.93,0,9.32,0,0.85,11.02,3.39,0.85,0.85,2.54,0,9.32,0,0,2.54,6.78,2.54,4.24,0,2.54,0,16.1,1.69,1.69,0,0,0.85,5.08,6.78,0,0.85,0,0.85,0,0.85,0,0.85,0,0,11.02,1.69,7.63,1.69,2.54,8.47,0,0,0.85,0,2.54,0.85,0,0,11.02,7.63,1.69,0.85,0,0,0,0,0,0,0,21.19
1025,West,Representative,3-Jun-11,House,Libya,,R,1025,West,6,3,11,1010,32.58,33.76,65.64,39.01,4.46,2.08,0.89,0.69,0,0.1,0.4,2.38,7.62,9.21,4.95,0.89,3.96,0.5,1.68,14.75,4.46,1.19,1.39,0.59,0,3.66,0,0.1,0.5,5.84,1.78,3.96,0,3.47,0.4,13.37,2.87,2.57,0.3,1.49,1.58,1.29,2.67,1.98,0.2,0,0.1,0,0.3,0,0.3,0,0,12.18,0.99,6.83,4.06,4.06,5.74,0.3,0.3,0.4,0,1.68,0.1,0,0,4.55,5.94,0,0.2,0.1,0,0.3,0,2.18,0.3,0,13.86
1085,West,Representative,24-Jun-11,House,Libya,,R,1085,West,6,24,11,255,23.18,16.86,79.61,52.94,19.22,9.8,4.31,2.35,0.78,0.39,1.96,9.41,7.45,11.37,4.71,1.57,7.84,0.39,3.92,13.73,4.71,0.78,1.57,0.39,0,13.73,0.39,0.39,2.35,3.53,1.96,1.57,0,1.57,0,10.2,0.78,0,1.57,1.18,0.39,1.18,4.31,1.57,1.18,0.39,0.78,0,0.39,0.39,0,0,0,14.9,2.35,7.06,3.14,1.96,0.78,0.39,0,0,0,1.18,0,0,0,5.1,4.71,0.78,0.39,0,0,0,0,0.78,0,0,11.76
1137,Woolsey,Representative,25-May-11,House,Libya,0,D,1137,Woolsey,5,25,11,431,13.47,25.52,78.42,52.2,13.46,6.96,1.62,4.87,0.23,0,0.23,6.5,6.26,13.46,9.28,0.93,9.51,2.32,2.78,12.3,4.41,1.86,3.94,1.16,0,10.44,0.23,0.23,2.09,5.1,2.32,2.78,0,2.09,0.7,17.17,1.16,1.62,1.62,3.48,1.62,1.16,6.03,2.32,1.39,0,0.93,0.46,0.46,0.23,0.23,0,0,14.15,2.32,6.73,4.64,2.78,2.32,0.46,0.23,1.16,0,0.93,0,0,0,6.73,4.64,0,0,0.7,0,1.39,0,1.39,0.23,0.23,15.55
1006,Woolsey,Representative,3-Jun-11,House,Libya,0,D,1006,Woolsey,6,3,11,307,12.79,29.97,73.29,46.91,9.45,4.23,0.33,2.93,0,0,0.98,5.21,9.45,11.73,7.82,1.3,6.84,1.63,2.28,11.4,3.91,2.28,0.65,1.63,0,5.86,0,0,0.98,4.56,1.95,2.61,0.65,1.63,0.65,15.31,2.61,1.3,2.28,1.3,1.63,0.65,4.56,2.93,1.63,0.33,0.98,0.33,0.65,0.65,0,0,0,13.03,1.3,5.21,6.19,1.3,2.93,0.33,0.98,1.3,0,1.3,0.33,0,0,6.84,5.54,0,0,0.98,0,0.65,0,4.56,0,0.33,18.89
1030,YoungFL,Representative,3-Jun-11,House,Libya,0,R,1030,YoungFL,6,3,11,513,19,29.24,79.73,52.83,12.87,6.24,2.92,2.92,0,0.19,0.19,6.63,7.99,12.09,7.21,1.36,7.6,0.78,5.85,13.45,5.65,0.97,3.12,0.19,0,6.82,0,0.58,0,2.92,1.75,1.17,0,0.78,0,16.37,2.34,1.95,0.19,1.75,0.97,1.75,5.65,1.56,0.97,0.19,0.58,0.19,0.39,0,0.39,0,0,11.7,2.53,5.46,3.7,3.12,2.53,0.97,0,2.92,0,0.19,0,0,0,3.7,7.41,0.39,0.19,1.95,0,0,0,2.14,0,0.19,15.98
1038,YoungIN,Representative,3-Jun-11,House,Libya,0,R,1038,YoungIN,6,3,11,180,18,32.78,77.78,47.22,11.67,5.56,1.11,3.89,0,0.56,0,6.11,5,15.56,9.44,2.78,7.22,2.22,4.44,11.11,4.44,0.56,1.67,0.56,0,10.56,1.11,0.56,1.11,8.89,7.22,1.67,0,0.56,1.11,14.44,2.22,0.56,1.67,0.56,3.33,2.22,4.44,0,1.67,0,1.67,0,0,0,0,0,0,16.11,2.22,8.89,4.44,2.78,3.33,0,0.56,0.56,0,0,0,0.56,0,6.11,11.11,0,0,0.56,0,0,0,2.78,0,0.56,21.11
