ID NO,Name,Title,Date,Venue,Region,Oppose/Support,,Party Affiliation,ID,Name,Month,Day,Year,Segment,WC,WPS,Sixltr,Dic,funct,pronoun,ppron,i,we,you,shehe,they,ipron,article,verb,auxverb,past,present,future,adverb,preps,conj,negate,quant,number,swear,social,family,friend,humans,affect,posemo,negemo,anx,anger,sad,cogmech,insight,cause,discrep,tentat,certain,inhib,incl,excl,percept,see,hear,feel,bio,body,health,sexual,ingest,relativ,motion,space,time,work,achieve,leisure,home,money,relig,death,assent,nonfl,filler,Period,Comma,Colon,SemiC,QMark,Exclam,Dash,Quote,Apostro,Parenth,OtherP,AllPct
55,Biden,Senator,6-Mar-98,Senate,Kosovo,1,S.Con.Res. 21,Democrat,55,Biden,3,6,98,1,475,17.59,43.58,58.95,33.89,4.84,2.32,0.21,1.05,0,0.21,0.84,2.53,6.95,6.53,4,1.68,2.74,0.63,1.26,12.21,3.37,0,1.47,1.26,0,5.47,0,0.42,0.84,4.42,1.47,2.95,0.84,1.26,0.21,11.58,0.42,2.74,1.68,0.21,1.05,1.68,4,0.21,0.21,0,0,0.21,0.21,0,0.21,0,0,12.21,2.32,4,5.47,3.58,2.53,0.21,0.42,0.42,0.42,0.84,0,0.21,0,6.53,8.21,0,0,0,0,2.74,0,0,0.21,0,17.89
111,Feingold,Senator,9-Jun-98,Senate,Kosovo,0,S.Con.Res. 21,Democrat,111,Feingold,6,9,98,1,629,19.66,32.11,69.16,44.67,7.47,3.18,1.75,0.32,0,0,1.11,4.29,7.63,10.02,6.52,3.18,4.13,0.64,2.54,13.67,4.29,0.16,2.7,0.64,0,6.52,0,0.16,1.75,5.88,2.23,3.34,0,2.7,0.32,10.49,1.27,2.07,0.64,1.75,0.64,0.95,3.66,0.64,0.95,0.64,0,0.64,0.16,0,0,0,0.16,13.99,1.75,6.2,6.04,2.7,2.86,0.48,0.32,0.64,0,1.75,0,0,0,6.04,5.25,0,0,0,0,0.64,0,0,0,0,11.92
54,Biden,Senator,17-Jun-98,Senate,Kosovo,1,S.Con.Res. 21,Democrat,54,Biden,6,17,98,1,2518,21.9,33.32,68.67,45.47,7.43,3.53,1.55,0.75,0.08,0.68,0.48,3.89,8.1,8.82,6.16,1.27,4.77,1.43,2.22,14.46,5,0.95,1.91,0.99,0,5.52,0,0.2,0.32,4.05,1.75,2.3,0.4,1.11,0.4,15.77,1.75,2.42,1.55,1.91,1.71,1.23,4.21,2.18,0.48,0.12,0.28,0.04,0.4,0.16,0.24,0,0,12.11,1.51,5.92,4.29,2.94,2.34,0.24,0.24,0.32,0.2,0.44,0.16,0.04,0.04,5.36,7.15,0.08,0.16,0.08,0,0.79,0,2.5,0,0,16.12
399,Roberts,Senator,20-Jul-98,Senate,Kosovo,0,S.Con.Res. 21,Republican,399,Roberts,7,20,98,1,1437,20.24,29.37,73.76,50.52,10.93,6.26,2.37,2.85,0.14,0.35,0.56,4.66,7.03,12.18,8.91,1.88,7.93,0.7,4.59,12.73,4.52,1.25,2.02,0.63,0,8.07,0,0.21,1.18,4.18,2.09,1.95,0.28,1.04,0.21,16.01,2.02,1.39,1.39,2.09,1.88,0.63,5.78,1.81,1.18,0.42,0.42,0.28,0.07,0.07,0,0,0,12.25,1.6,6.96,3.27,2.37,2.02,0.35,0,0.63,0.07,0.07,0.07,0,0,6.19,6.82,0.56,0.35,0.14,0,0.42,0,5.15,0,0,19.62
211,Feinstein,Senator,23-Sep-98,Senate,Kosovo,1,S.Con.Res. 21,Democrat,211,Feinstein,9,23,98,1,625,22.32,30.4,72.16,45.12,8.8,4.64,1.76,1.44,0,0.64,0.8,4.16,7.68,10.72,5.92,2.24,5.76,0.96,1.76,12.8,4.64,1.44,1.92,1.28,0,6.4,0,0,1.44,5.28,3.36,1.92,0.32,1.28,0,17.76,2.08,2.4,1.44,1.44,1.44,1.92,6.4,2.24,0.32,0.16,0,0.16,1.12,0.32,0.48,0,0.32,12.16,1.44,6.56,4,2.88,2.72,0,0.16,0.16,0.48,0.8,0,0,0.16,5.44,7.52,0.16,0,0.16,0,0.16,0,0.48,0,0,13.92
310,McCain,Senator,23-Sep-98,Senate,Kosovo,1,S.Con.Res. 21,Republican,310,McCain,9,23,98,1,1783,23.77,33.26,69.49,44.14,6.17,2.19,0.5,0.95,0,0.39,0.34,3.98,9.14,8.52,6.67,1.68,4.43,1.4,2.19,13.52,4.15,1.23,1.85,0.84,0,4.32,0,0.17,1.07,4.99,2.08,2.92,0.22,1.29,0.67,13.74,1.35,1.85,1.18,1.01,1.35,1.79,4.15,1.79,1.01,0.17,0.45,0.34,0.56,0.17,0.28,0,0.11,12.28,1.23,5.72,4.99,2.86,2.69,0.56,0.28,0.39,0.11,0.79,0.06,0.06,0.06,4.88,5.61,0.11,0.11,0.11,0,0.5,0,1.4,0,0,12.73
457,Wellstone,Senator,23-Sep-98,Senate,Kosovo,1,S.Con.Res. 21,Democrat,457,Wellstone,9,23,98,1,1382,23.03,37.34,69.32,39.65,8.32,4.49,2.39,1.37,0,0.14,0.58,3.84,5.86,9.12,4.92,0.94,5.57,0.94,2.53,12.88,4.56,0.65,1.81,0.14,0,7.38,0,0.43,1.66,4.2,2.53,1.59,0.36,0.51,0.22,16.86,2.1,2.68,1.01,1.88,1.3,1.59,5.21,1.37,0.8,0.29,0.22,0.29,0.51,0.29,0.14,0,0.07,13.1,2.53,6.01,4.78,3.55,3.26,0.14,0.36,0.14,0,0.36,0.07,0.07,0.07,5.57,3.98,0.22,0.87,0.07,0,0.58,0,2.03,0.36,0,14.04
313,McConnell,Senator,24-Sep-98,Senate,Kosovo,1,S.Con.Res. 21,Republican,313,McConnell,9,24,98,1,1363,18.67,36.98,67.35,38.88,5.94,2.86,1.03,0.88,0,0.51,0.44,3.08,8.07,6.53,3.89,1.47,3.37,0.29,2.05,12.55,4.48,0.51,1.32,1.61,0,5.87,0,0.15,1.54,6.02,2.35,3.67,0.15,1.98,0.95,13.94,1.39,2.64,0.37,0.66,1.17,1.69,5.5,0.88,0.81,0.22,0.29,0.22,1.03,0.29,0.51,0,0.22,11.89,1.39,5.36,4.84,3.67,2.86,0.44,0.15,0.29,0.15,0.81,0.07,0.07,0.07,5.5,6.53,0.15,0,0.15,0,0.44,0,0.59,0,0.07,13.43
401,Roberts,Senator,30-Sep-98,Senate,Kosovo,0,S.Con.Res. 21,Republican,401,Roberts,9,30,98,1,2003,17.73,26.26,75.44,51.67,11.03,5.79,2.1,2.4,0.35,0.4,0.55,5.24,8.84,13.53,9.44,2.3,7.79,1.15,3.1,11.88,5.94,1.25,1.85,0.95,0,8.39,0.1,0.1,1.1,4.39,2.4,1.9,0.55,0.65,0.3,15.63,1.45,1.5,1.2,1.75,1.2,1,6.29,2.1,1.05,0,0.65,0.35,0.2,0.05,0.1,0,0.05,12.38,2.05,5.79,4.14,2.5,1.55,0.3,0.1,0.3,0.15,0.35,0.05,0.05,0,6.64,6.49,0.45,0.15,0.7,0,0.1,0,3.05,0,0.45,18.02
447,Warner,Senator,2-Oct-98,Senate,Kosovo,1,S.Con.Res. 21,Republican,447,Warner,10,2,98,1,2478,20.31,30.47,73.93,50.08,12.71,6.5,3.95,1.21,0.36,0.12,0.85,6.21,7.47,12.03,7.43,1.78,7.75,1.01,3.03,12.79,5.53,0.73,2.06,0.73,0,5.49,0,0.2,0.85,3.63,1.82,1.82,0.08,0.65,0.52,14.73,1.69,2.34,1.69,1.29,1.37,0.81,5.17,1.57,0.97,0.52,0.24,0.16,0.4,0.16,0.16,0,0.08,13.03,2.66,6.78,3.47,2.5,2.62,0.44,0.2,0.28,0,0.16,0.08,0.04,0.04,5.17,7.34,0.08,0.04,0.12,0,0.08,0,0.28,0,0.08,13.2
448,Nickles,Senator,2-Oct-98,Senate,Kosovo,0,S.Con.Res. 21,Republican,448,Nickles,10,2,98,1,401,12.53,24.19,81.55,54.86,14.71,10.72,3.74,3.49,0,1.25,2.24,3.99,6.98,13.22,8.48,3.49,7.73,0.75,3.24,13.97,7.23,1.5,2.24,0.5,0,12.47,0,0.75,2.24,3.74,2.99,0.5,0.5,0,0,19.7,2.24,0.75,1.75,3.49,1,1.5,8.48,2,1.5,0.25,0.75,0.25,0.75,0.25,0,0.5,0,10.47,2.24,3.99,3.99,4.49,4.24,0.75,0.25,1,0,0,0,0,0,8.48,3.99,0,0,0,0,0,0,2.24,0,0,14.71
91,Domenici,Senator,5-Oct-98,Senate,Kosovo,0,S.Con.Res. 21,Republican,91,Domenici,10,5,98,1,400,21.05,32.25,74,46,10.5,8,3.25,3,0.5,0.5,0.75,2.5,6,11,6.5,0.5,8,1.25,3.25,12.25,5.75,0.25,3.25,1,0,8,0.5,0,1,6,2.75,3.25,0,1,1,15,2.5,1.75,1.5,1.75,1.25,1,4.75,1.25,0.75,0.25,0.25,0.25,0.5,0,0.25,0,0.25,14,2.25,6.25,5,3.5,2.5,1.25,0.5,1,0,0.25,0,0,0,4.75,4,0.25,0.25,0,0,0,0,1.25,0,0.25,10.75
81,Dewine,Senator,6-Oct-98,Senate,Kosovo,1,S.Con.Res. 21,Republican,81,Dewine,10,6,98,1,1451,17.7,31.08,70.99,46.11,8.2,3.58,0.55,1.59,0,0.76,0.69,4.62,6.48,10.75,7.79,2.21,5.24,1.31,2.89,12.34,5.93,1.52,3.1,0.76,0,5.51,0,0.21,1.1,5.24,2.55,2.69,0.55,1.72,0.14,16.33,1.45,1.65,2.14,3.1,1.79,0.76,4.55,2.76,0.96,0.48,0.14,0.34,0.62,0,0.48,0,0.14,12.2,1.45,5.58,5.1,3.31,2.69,0.14,0.48,0.07,0.07,0.48,0.07,0.07,0.07,5.51,6.89,0.07,0,0.62,0,0.48,0,0.69,0,0,14.27
88,Domenici,Senator,7-Oct-98,Senate,Kosovo,0,S.Con.Res. 21,Republican,88,Domenici,10,7,98,1,1073,15.78,33.55,73.72,48.56,10.16,5.87,2.14,2.05,0.37,0.09,1.21,4.29,7.64,12.4,9.23,1.12,7.27,1.68,3.17,11.65,3.54,1.3,2.89,0.75,0,6.8,0.19,0.19,0.75,5.5,2.89,2.24,0.09,0.84,0.65,15.28,2.98,2.24,1.58,1.49,1.86,1.21,3.36,1.86,0.09,0,0,0,0.65,0,0.47,0,0.19,10.34,1.68,5.59,2.89,2.89,2.7,0.56,0.47,0.93,0.09,0.19,0,0.09,0,7.64,4.1,0.28,0.19,0.37,0,0.65,0,2.8,0,0,16.03
89,Hutchison,Senator,7-Oct-98,Senate,Kosovo,0,S.Con.Res. 21,Republican,89,Hutchison,10,7,98,1,624,15.22,25.48,78.85,55.29,14.26,9.46,1.6,6.09,0.32,0.64,0.8,4.81,8.65,17.95,12.98,4.65,10.42,0.64,2.88,11.06,4.49,2.08,0.8,0.64,0,13.14,0.16,0,0.96,2.56,1.28,1.28,0,0.32,0.48,18.75,1.92,1.76,1.6,1.76,1.12,1.76,8.33,2.72,1.76,0.8,0.64,0,0,0,0,0,0,11.7,1.92,5.29,4.49,3.69,3.53,0.8,0.48,0.48,0,0,0.16,0.16,0,5.77,4.81,0,0,1.28,0,0,0,3.04,0,0.32,15.22
449,Warner,Senator,8-Oct-98,Senate,Kosovo,1,S.Con.Res. 21,Republican,449,Warner,10,8,98,1,2466,18.82,29.36,75.3,49.8,11.19,6,3,1.26,0.41,0.49,0.85,5.19,7.99,12.12,8.31,1.38,7.7,1.34,3.08,12.25,3.89,1.78,2.15,0.57,0,6.12,0,0.08,0.61,4.01,2.23,1.78,0.08,0.73,0.41,17.07,2.07,2.8,1.74,1.54,1.18,1.38,4.87,2.31,0.65,0.2,0.2,0.2,0.28,0.08,0.16,0,0.04,13.79,1.95,7.42,4.26,2.72,2.68,0.36,0.28,0.04,0.04,0.2,0,0.16,0.08,6.24,8.27,0.2,0.24,0.12,0.04,0.12,0,0.12,0,0,15.37
456,Wellstone,Senator,8-Oct-98,Senate,Kosovo,1,S.Con.Res. 21,Democrat,456,Wellstone,10,8,98,1,1309,19.25,32.93,72.04,45.38,10.08,6.04,2.14,2.06,0,0.84,0.99,4.05,5.81,11.15,6.95,1.6,6.42,1.91,3.13,12.76,5.5,1.45,1.38,0.23,0,7.56,0.23,0.08,0.99,4.66,2.06,2.6,0.99,0.76,0.38,17.88,1.91,2.14,2.9,1.76,1.38,1.76,5.5,2.14,1.22,0.46,0.23,0.46,0.84,0.38,0.31,0,0.15,12.15,1.91,5.5,5.12,1.68,1.6,0.31,0.31,0.23,0.08,0.76,0,0,0.08,6.49,3.97,0,0.15,0,0,0.76,0,0.46,0.23,0,12.3
77,Daschle,Senator,12-Oct-98,Senate,Kosovo,1,S.Con.Res. 21,Democrat,77,Daschle,10,12,98,1,838,17.1,35.56,70.05,42.24,6.92,3.1,0.6,1.43,0,0.72,0.36,3.82,7.76,8.71,6.21,1.67,4.3,0.95,1.55,13.96,3.58,1.07,1.07,1.31,0,6.21,0,0,1.43,4.77,2.27,2.51,0.24,1.67,0.36,15.99,2.03,2.74,1.55,1.79,2.27,1.31,4.42,1.67,0.84,0.12,0.48,0.24,0.6,0.24,0.36,0,0,14.92,2.39,7.16,5.13,2.98,2.74,0.12,0.36,0.24,0.36,0.95,0,0,0,6.68,5.01,0,0.72,0,0,0.36,0,1.43,0,0,14.2
57,Biden,Senator,14-Oct-98,Senate,Kosovo,1,S.Con.Res. 21,Democrat,57,Biden,10,14,98,1,2553,20.42,32.63,71.21,45.83,9.17,5.29,2.47,1.21,0.08,1.02,0.51,3.88,7.09,11.79,7.68,2.15,5.64,2.04,1.88,13.36,4.19,1.25,1.84,1.18,0,6.46,0,0.08,0.71,4.43,2.94,1.41,0.12,0.51,0.27,15.16,1.68,2.51,2.35,1.68,1.61,1.25,3.49,1.96,0.71,0.16,0.35,0.24,0.35,0.08,0.12,0.16,0,13,1.53,6.89,4.31,3.13,2.78,0.55,0.24,0.27,0.08,0.31,0.04,0.04,0.08,5.68,7.72,0.04,0.04,0.04,0,0.63,0,1.18,0,0,15.32
64,Byrd,Senator,14-Oct-98,Senate,Kosovo,1,S.Con.Res. 21,Democrat,64,Byrd,10,14,98,1,1954,19.74,32.14,71.75,47.85,9.26,4.91,1.69,2.05,0,0.41,0.77,4.35,8.09,11.16,7.47,1.64,6.76,1.33,3.12,13.15,4.96,1.64,1.69,0.31,0,7.22,0,0.1,1.33,4.15,2,2.1,0.46,1.02,0.2,15.76,2,1.18,1.48,2.3,1.02,1.38,5.02,2.66,0.72,0.26,0.2,0.2,0.51,0.26,0.2,0,0.05,12.23,2.25,6.14,3.89,4.4,2.41,0.2,0.26,0.46,0,0.56,0.15,0.05,0.15,5.42,5.48,0.05,0.26,0,0,0.2,0,1.02,0,0,12.44
450,Warner,Senator,20-Oct-98,Senate,Kosovo,1,S.Con.Res. 21,Republican,450,Warner,10,20,98,1,1193,21.3,30.26,75.86,50.63,10.65,4.95,3.02,1.26,0,0,0.67,5.7,7.96,11.23,7.54,1.76,7.88,0.75,3.77,13.33,5.45,0.92,2.26,1.01,0,5.53,0,0,1.01,6.12,3.69,2.43,0.25,0.92,1.09,16.6,1.51,1.51,0.92,2.18,1.51,1.26,5.62,1.93,1.42,0.75,0.59,0.08,0.75,0.25,0.25,0,0.25,11.82,2.18,6.37,3.19,3.1,2.43,0.17,0.08,0,0.34,0.17,0.08,0.17,0.08,5.03,7.54,0.08,0.17,0,0,0.42,0,0.34,0,0,13.58
446,Warner,Senator,20-Jan-99,Senate,Kosovo,1,S.Con.Res. 21,Republican,446,Warner,1,20,99,1,584,23.36,29.11,75,49.32,10.1,4.45,2.74,1.37,0,0,0.34,5.65,7.53,9.76,6.68,1.88,4.97,0.68,4.11,13.7,6.16,0.68,2.4,0.86,0,4.97,0,0,1.54,2.23,1.03,1.2,0.34,0.34,0,16.27,1.03,2.91,1.54,1.37,1.71,1.54,4.79,1.88,0.68,0.17,0.51,0,0.17,0,0,0,0.17,16.1,1.54,9.42,4.97,2.57,2.74,0.17,0.17,0.86,0.17,0,0,0,0,5.31,9.76,0,0.17,0,0,0.17,0,1.03,0,0,16.44
201,Roberts,Senator,23-Feb-99,Senate,Kosovo,0,S.Con.Res. 21,Republican,201,Roberts,2,23,0,1,1363,16.62,24.8,76.6,51.58,11.59,6.46,2.57,2.79,0.29,0.44,0.37,5.14,8.73,12.47,7.56,1.76,7.92,0.81,3.89,12.91,6.02,1.1,2.13,0.37,0,9.17,0.07,0.37,0.81,4.33,3.08,1.25,0.29,0.81,0.07,17.02,1.83,1.54,1.69,2.13,1.61,1.03,6.16,2.2,1.47,0.15,1.03,0.29,1.17,0.22,0.44,0.44,0.07,11.59,1.1,6.16,4.11,3.23,1.25,0.44,0.15,0.81,0.07,0.07,0,0,0,6.9,6.53,0.51,0,0.73,0,0.15,0,3.15,0.07,0.15,18.27
202,Snowe,Senator,23-Feb-99,Senate,Kosovo,1,S.Con.Res. 21,Republican,202,Snowe,2,23,99,1,879,25.85,39.48,66.78,35.72,6.14,3.19,0.68,2.05,0,0.11,0.34,2.96,8.08,6.14,1.82,1.14,2.16,0.23,1.25,12.97,4.78,0.34,2.5,0.8,0,5.92,0,0,1.37,5.69,3.64,2.05,0.57,0.91,0.46,11.83,1.14,1.71,0.46,1.02,1.93,0.68,4.21,0.8,0,0,0,0,0.11,0,0,0,0.11,11.38,1.59,5.23,4.21,7.51,2.96,0.34,0,3.3,0.11,0,0,0.11,0,5.92,5.12,0.23,0,0,0,0.8,0,3.87,0,0.23,16.15
440,Specter,Senator,23-Feb-99,Senate,Kosovo,1,S.Con.Res. 21,Republican,440,Specter,2,23,99,1,523,15.85,26.39,75.33,51.43,9.75,5.35,4.4,0.96,0,0,0,4.4,11.66,12.62,7.84,3.06,7.65,0.57,3.06,15.11,2.68,1.15,2.29,0,0,5.16,0,0.57,0.76,2.49,1.72,0.76,0,0.57,0,12.62,3.06,2.49,0.38,1.72,0.38,0.19,2.29,1.91,1.15,0.57,0.19,0.19,0.76,0,0.19,0.57,0,11.66,1.34,6.5,3.82,1.91,2.68,0,0,0.19,0,0.57,0,0,0.19,6.69,6.12,0.19,0,0,0,0.57,0,0.19,0,0,13.77
441,Warner,Senator,23-Feb-99,Senate,Kosovo,1,S.Con.Res. 21,Republican,441,Warner,2,23,99,1,625,18.94,25.92,74.56,51.2,11.2,7.2,3.84,1.76,0.48,0.48,0.64,4,9.12,12.8,8,3.84,6.88,0.8,2.4,12.96,5.12,0.64,1.6,1.12,0,6.88,0,0.48,1.12,4,2.56,1.44,0,1.28,0,13.6,1.76,2.4,1.28,1.76,0.64,0.64,4.64,1.6,1.12,0.48,0.48,0.16,0,0,0,0,0,15.52,1.76,8.48,5.12,3.36,2.56,0,0.16,0.16,0,0.48,0,0.32,0.16,5.44,8,0,0.16,0.16,0,0.16,0,0.32,0,0,14.24
390,Nickles,Senator,25-Feb-99,Senate,Kosovo,0,S.Con.Res. 21,Republican,390,Nickles,2,25,99,1,545,11.35,21.28,79.27,56.33,14.5,10.83,5.32,2.39,0,1.47,1.65,3.67,6.24,17.8,11.19,2.2,11.74,0.92,5.5,12.11,4.95,2.02,1.65,1.28,0,9.72,0,0,1.28,2.2,1.1,0.37,0.18,0,0,14.31,2.02,0.92,1.83,2.75,0.92,0,4.22,3.67,1.1,0.18,0.92,0,0,0,0,0,0,12.29,1.1,5.87,5.14,2.57,2.02,0,0,1.65,0,0,0.18,0,0,9.36,4.59,0,0,0,0,0,0,1.28,0,0.55,15.78
53,Bennett,Senator,19-Mar-99,Senate,Kosovo,0,S.Con.Res. 21,Republican,53,Bennett,3,19,99,1,1686,21.62,28.71,76.28,51.13,13.29,7.77,2.02,2.49,0.42,2.25,0.59,5.52,9.37,11.33,7.53,3.2,6.23,1.01,1.96,13.29,3.2,1.9,1.42,0.77,0,9.61,0,0.12,0.53,5.4,2.14,3.2,0.53,2.43,0.12,13.82,1.72,1.84,1.07,1.3,1.25,0.77,4.69,2.25,1.6,0.3,0.89,0.36,0.65,0.36,0,0,0.3,11.21,3.14,5.16,2.55,4.21,3.26,0.42,0.36,0,0.06,1.72,0.06,0,0,4.8,5.63,0.06,0.12,0.24,0,0.06,0,2.14,0,0,13.05
222,Gorton,Senator,19-Mar-99,Senate,Kosovo,0,S.Con.Res. 21,Republican,222,Gorton,3,19,99,1,667,25.65,28.79,73.31,48.28,9.45,4.95,1.35,2.7,0.3,0,0.6,4.5,7.8,9.6,6.6,1.05,5.4,1.5,2.7,13.19,5.55,1.8,2.4,0.45,0,7.05,0,0,1.65,4.65,2.85,1.8,0,1.65,0,17.69,1.8,2.55,1.8,1.95,1.65,0.9,6.3,2.55,0.75,0.3,0.45,0,0.15,0.15,0,0,0,13.34,1.05,8.55,2.85,2.85,3,0.15,0.3,0.75,0.15,1.2,0,0,0,4.35,5.7,0.3,1.35,0,0,0.3,0,0.6,0,0,12.59
228,Gregg,Senator,19-Mar-99,Senate,Kosovo,0,S.Con.Res. 21,Republican,228,Gregg,3,19,99,1,2197,19.1,26.4,78.83,53.21,12.02,5.23,1.68,2.46,0.09,0.09,0.91,6.78,7.28,13.2,8.92,2.28,8.74,0.86,4.28,13.02,5.83,1.73,1.87,0.82,0,6.65,0.23,0,0.91,3.91,1.46,2.41,0.41,1.27,0.23,18.3,3.05,3.46,1.37,2.87,1.46,0.5,4.69,2.82,0.36,0.14,0.18,0.05,0.36,0.23,0.14,0,0,13.11,2.18,7.28,3.32,1.91,2.32,0.09,0.05,0.5,0.18,0.68,0,0.05,0.09,4.46,6.6,0.23,0.09,1.05,0,0.18,0,0.59,0,0,13.2
231,Hutchinson,Senator,19-Mar-99,Senate,Kosovo,0,S.Con.Res. 21,Republican,231,Hutchinson,3,19,99,1,756,24.39,26.06,79.76,55.29,14.55,6.75,2.38,4.1,0.13,0.13,0,7.8,8.07,14.55,9.92,0.66,11.11,1.46,3.84,11.24,5.56,0.93,2.12,0.4,0,8.86,0,0,1.72,4.63,4.1,0.4,0,0.26,0,19.31,3.31,1.06,2.38,3.44,2.12,0.53,6.61,2.91,0.26,0.13,0.13,0,0,0,0,0,0,10.45,2.51,4.37,3.97,2.25,3.31,0.26,0.13,0.26,0,0.13,0,0,0,4.1,6.48,0,0.13,0,0,0.4,0,0.4,0,0,11.51
232,Specter,Senator,19-Mar-99,Senate,Kosovo,1,S.Con.Res. 21,Republican,232,Specter,3,19,99,1,995,23.69,30.75,72.36,47.54,8.64,3.42,1.21,1.41,0,0.2,0.6,5.23,8.44,11.86,7.44,2.01,7.34,0.5,3.52,14.57,4.92,1.01,0.8,0.1,0,4.82,0,0,0.9,5.03,2.31,2.71,0.7,1.41,0.1,14.07,2.11,1.11,1.21,1.11,1.01,0.9,4.32,2.21,1.31,0.6,0.3,0.2,0.5,0.2,0.3,0,0,12.56,2.41,6.93,3.22,2.31,2.31,0.1,0.5,0.1,0,0.6,0,0,0,5.23,6.33,0,0.2,0,0,0.2,0,0.3,0,0,12.26
316,Murkowski,Senator,19-Mar-99,Senate,Kosovo,0,S.Con.Res. 21,Republican,316,Murkowski,3,19,99,1,512,20.48,26.95,78.71,51.56,13.48,8.79,2.34,6.25,0,0,0.2,4.69,7.23,11.33,7.42,0.98,7.62,1.37,2.15,14.65,6.25,1.76,1.37,0.39,0,10.94,0,0,1.56,4.69,2.54,1.76,0.39,0.98,0.2,19.14,3.12,0.78,1.95,2.15,1.56,0.78,7.03,3.52,0.98,0.59,0.2,0.2,0.78,0.59,0.2,0,0,14.84,2.34,6.05,6.45,1.76,2.73,0.59,0.2,0.2,0,0.39,0,0.2,0,5.27,7.81,0,0,0,0,0.39,0,0.2,0,0,13.67
317,Bunning,Senator,19-Mar-99,Senate,Kosovo,0,S.Con.Res. 21,Republican,317,Bunning,3,19,99,1,788,16.42,29.82,72.59,49.87,11.04,6.73,1.4,3.3,0.38,0.51,1.14,4.31,4.57,13.58,8.76,1.78,8.63,1.14,4.06,11.68,6.47,2.41,3.05,0.63,0,9.52,0.13,0,0.38,5.46,3.43,1.9,0.51,1.02,0,17.39,2.54,1.4,1.4,3.17,1.4,0.63,5.46,3.43,0.51,0,0.51,0,0,0,0,0,0,11.42,1.65,5.71,3.93,2.54,2.79,0.25,0.51,0.89,0.25,0.13,0,0.13,0,5.33,5.2,0,0,1.27,0,0.51,0,1.9,0,0.13,14.34
245,Hutchison,Senator,22-Mar-99,Senate,Kosovo,0,S.Con.Res. 21,Republican,245,Hutchison,3,22,99,1,3045,17.91,24.17,77.67,54.88,14.45,8.47,2.1,4.96,0.16,0.69,0.56,5.98,7.16,15.83,10.8,1.48,10.94,1.77,4.2,10.11,6.17,2.3,1.61,0.53,0,9.62,0.03,0.03,0.85,4.24,3.09,1.15,0.07,0.82,0.03,20.2,2.2,1.81,2.43,2.2,1.9,0.82,7.22,3.91,1.05,0.26,0.66,0.13,0.23,0.16,0.03,0,0.03,12.68,2.66,6.04,4.14,1.9,2.73,0.16,0,0.36,0.03,0.26,0.03,0.07,0.07,5.42,5.06,0.03,0.07,0.66,0,0.33,0,0.85,0,0.07,12.48
246,Dorgan,Senator,22-Mar-99,Senate,Kosovo,1,S.Con.Res. 21,Democrat,246,Dorgan,3,22,99,1,1021,16.47,29.68,76.69,52.5,13.52,7.25,4.8,1.47,0.29,0.69,0,6.27,7.25,12.54,9.21,3.04,6.95,1.57,4.51,12.63,4.51,0.98,1.96,0.2,0,9.3,0.1,0.2,1.37,3.82,2.35,1.18,0.2,0.39,0,15.28,2.25,0.78,1.67,2.35,2.06,1.37,3.43,2.25,1.96,0.29,1.27,0.39,0.29,0.1,0.2,0,0,10.68,0.98,5.97,3.33,2.55,1.96,0.1,0.2,0,0,0.2,0.1,0.1,0,6.76,4.7,0.1,0.1,0,0,0.29,0,1.67,0,0,13.61
247,Biden,Senator,22-Mar-99,Senate,Kosovo,1,S.Con.Res. 21,Democrat,247,Biden,3,22,99,1,6935,16.96,28.28,73.61,49.19,11.97,6.66,2.94,1.56,0.36,0.87,0.94,5.31,7.53,13.47,8.55,3.46,6.55,1.07,2.75,11.81,4.99,1.24,1.41,0.79,0.03,8.35,0.07,0.19,0.88,4.21,2.22,1.96,0.22,1.28,0.23,15.6,2.15,2.58,1.53,2.22,1.33,0.91,4.18,2.25,1.2,0.2,0.69,0.27,0.53,0.2,0.29,0.03,0.04,11.03,1.74,5.28,3.92,2.64,2.58,0.3,0.17,0.23,0.22,0.42,0.12,0.12,0.13,6.07,7.27,0.17,0.23,0.39,0,0.62,0,2.05,0.04,0.01,16.9
248,Specter,Senator,22-Mar-99,Senate,Kosovo,1,S.Con.Res. 21,Republican,248,Specter,3,22,99,1,2147,20.45,29.81,72.99,51.84,10.11,5.78,2.84,1.12,0.19,1.44,0.19,4.33,9.32,13.6,8.94,2.75,6.99,1.63,3.77,14.07,5.31,0.98,1.4,0.61,0,7.17,0,0.14,0.37,2.93,1.77,1.16,0.14,0.75,0.09,15.88,2.84,1.96,1.77,2.93,0.84,1.07,3.45,2.28,1.16,0.33,0.75,0.05,0.14,0.05,0.05,0.05,0,9.78,1.54,4.7,3.54,2.1,2.56,0.05,0,0.23,0.05,0.61,0.23,0.09,0.14,4.75,5.87,0.05,0.05,0.42,0,0.51,0,0.56,0,0,12.2
249,Warner,Senator,22-Mar-99,Senate,Kosovo,1,S.Con.Res. 21,Republican,249,Warner,3,22,99,1,1361,21.95,27.33,75.39,51.43,12.71,7.49,3.53,2.65,0.51,0.15,0.66,5.22,8.38,11.09,6.83,1.4,7.27,0.96,2.5,14.77,4.19,0.66,1.76,0.73,0,8.23,0,0.44,1.18,6.1,3.97,2.06,0.22,0.96,0.51,15.28,1.32,1.98,1.98,2.5,1.91,0.44,5,2.06,0.66,0.22,0.37,0.07,0.44,0.22,0.15,0,0.07,14.47,2.79,6.98,4.7,1.84,2.5,0.44,0.29,0.22,0,0.07,0.15,0.07,0.07,5.73,5.8,0.07,0.22,0.44,0,0.07,0,0.44,0,0.15,12.93
400,Roberts,Senator,22-Mar-99,Senate,Kosovo,0,S.Con.Res. 21,Republican,400,Roberts,3,22,99,1,2770,18.1,29.39,74.66,47.47,7.8,3.97,1.48,1.77,0.07,0.32,0.32,3.83,9.42,11.84,7.18,1.7,6.21,1.26,3.07,12.6,5.31,1.73,2.09,0.43,0,6.86,0.32,0.07,0.51,4.33,2.71,1.55,0.25,1.08,0.07,16.93,2.89,2.64,1.7,2.24,1.41,1.52,4.44,2.09,0.9,0.25,0.43,0.25,0.14,0.04,0.11,0,0,12.06,1.62,5.34,4.37,4.4,2.56,0.18,0.07,0.54,0.04,0.43,0.07,0.04,0,6.1,5.99,1.73,0.58,0.94,0,0.25,0,1.7,0,0.22,17.51
286,Inhofe,Senator,23-Mar-99,Senate,Kosovo,0,S.Con.Res. 21,Republican,286,Inhofe,3,23,99,1,1202,19.7,27.45,74.79,48.25,10.23,6.41,1.58,3,0.33,0.25,1.25,3.83,5.32,13.89,9.4,2.25,7.74,1,3.99,11.56,3.99,2.33,2.5,1.33,0,10.73,0,0,1.83,7.4,3.08,4.24,0.67,2.33,0.33,15.81,1.33,1.16,1.41,2,1.66,1.41,5.99,2,1.25,0.33,0.92,0,0.5,0,0.33,0.17,0,13.56,1.83,8.24,3.24,2.5,1.75,0.17,0,0.17,0.33,1.16,0.08,0,0,6.57,6.57,0.5,0.58,0.42,0,0.5,0,2.58,0,0,17.72
287,Nickles,Senator,23-Mar-99,Senate,Kosovo,0,S.Con.Res. 21,Republican,287,Nickles,3,23,99,1,2482,14.02,27.03,76.35,51.93,14.5,9.43,3.59,2.94,0.64,0.89,1.37,5.08,6,15.51,10.8,2.42,8.66,1.97,3.79,10.52,4.43,1.65,2.46,0.36,0,10.07,0,0.64,0.64,6.37,3.75,2.58,0.12,1.49,0.28,16.28,1.85,2.22,2.26,3.14,0.44,0.73,4.67,2.22,1.33,0.2,1.13,0,0.36,0.2,0,0.16,0,11.04,1.89,5.92,2.94,2.74,1.93,0.28,0.04,0,0.04,0.6,0.04,0.12,0,6.97,5.56,0.24,0.24,0.64,0,0.2,0,2.01,0,0,15.87
288,Gorton,Senator,23-Mar-99,Senate,Kosovo,0,S.Con.Res. 21,Republican,288,Gorton,3,23,99,1,723,20.66,24.48,75.66,51.04,10.51,4.43,1.24,2.35,0.28,0.14,0.41,6.09,10.1,9.27,6.22,0.55,5.95,1.24,1.94,15.35,3.18,2.49,2.07,0.55,0,5.67,0,0.28,1.11,5.12,2.63,2.49,0.14,1.52,0.41,16.18,1.8,3.73,1.8,1.66,0.97,0.41,4.56,3.04,0.69,0,0.14,0.55,0.55,0.14,0.41,0,0,11.62,1.52,6.78,3.18,3.46,2.9,0,0.14,1.24,0,1.66,0.28,0,0,4.84,6.78,0.14,0,0.28,0,0.28,0,0.14,0,0,12.45
289,Biden,Senator,23-Mar-99,Senate,Kosovo,1,S.Con.Res. 21,Democrat,289,Biden,3,23,99,1,1590,16.39,23.52,75.16,53.27,14.03,6.73,2.52,2.96,0.38,0.31,0.57,7.3,7.99,14.15,8.68,2.58,8.93,1.19,3.14,13.02,4.91,1.13,2.26,0.57,0,7.74,0.06,0.44,0.88,3.77,2.45,1.32,0.06,0.63,0.25,17.86,2.96,2.52,1.95,2.26,1.64,1.38,5.22,2.52,0.63,0.25,0.31,0,0.5,0.06,0.44,0,0,11.76,1.95,6.67,3.27,1.45,1.64,0.13,0.19,0.13,0.06,0.31,0.19,0.06,0.13,6.1,7.17,0.25,0.31,0.31,0,0.44,0,0.63,0,0,15.22
290,Bunning,Senator,23-Mar-99,Senate,Kosovo,0,S.Con.Res. 21,Republican,290,Bunning,3,23,99,1,879,15.7,21.84,77.02,56.77,11.49,5.46,1.02,2.84,0.68,0,0.91,6.03,7.96,16.04,11.38,2.96,8.08,1.71,2.96,14.33,4.89,1.59,2.96,1.14,0.11,8.08,0,0.11,0.34,4.21,1.93,2.28,0,1.37,0,16.61,1.59,1.93,1.82,2.16,1.59,0.91,5.46,3.07,0.46,0.11,0.23,0.11,0.57,0.34,0,0.23,0.11,11.49,1.93,6.94,2.62,2.05,1.25,0.23,0.23,0.46,0.23,0.68,0.11,0,0.11,5.8,3.75,0.23,0.23,1.48,0,0.46,0,0.23,0,0,12.17
291,Brownback,Senator,23-Mar-99,Senate,Kosovo,0,S.Con.Res. 21,Republican,291,Brownback,3,23,99,1,716,16.27,25.14,78.49,52.79,12.43,6.7,3.07,2.79,0.28,0,0.56,5.73,6.7,15.22,10.34,2.09,10.75,0.98,3.77,12.15,5.59,1.96,1.12,0.42,0,9.78,0,0,1.54,5.87,3.35,2.37,0.14,0.7,0.84,15.5,2.37,0.42,2.37,3.63,0,0.84,5.59,3.91,1.12,0.28,0.84,0,0.84,0,0.7,0.14,0,13.83,1.82,7.96,4.33,1.54,2.23,0,0,0,0,0.28,0.14,0,0,6.28,6.7,0,0,1.4,0,0.42,0,1.68,0,0,16.48
292,Warner,Senator,23-Mar-99,Senate,Kosovo,1,S.Con.Res. 21,Republican,292,Warner,3,23,99,1,816,15.69,25.25,78.8,54.04,15.81,8.21,4.04,2.7,0,0.61,0.86,7.6,7.6,12.01,8.21,2.33,7.48,1.1,2.45,12.87,5.02,1.47,2.08,0.74,0,9.8,0.12,0.61,1.84,3.06,2.45,0.61,0.25,0.25,0.12,16.67,2.94,1.1,2.21,2.57,1.47,1.23,5.15,2.57,1.35,0.25,0.86,0,0.12,0,0,0.12,0,10.42,1.72,5.02,3.19,3.19,2.82,0.49,0.25,0.25,0,0,0.25,0,0,6.13,7.11,0.25,0.12,0.49,0,0.37,0,0.61,0,0,15.07
293,Domenici,Senator,23-Mar-99,Senate,Kosovo,0,S.Con.Res. 21,Republican,293,Domenici,2,23,99,1,1217,14.84,20.3,80.12,58.59,17.01,8.87,2.63,3.37,1.15,0.58,1.15,8.13,7.23,15.78,9.94,1.56,10.35,1.89,3.94,11.67,5.75,3.78,1.07,1.07,0,11.5,0,0,1.23,3.45,1.81,1.64,0.16,0.99,0.08,16.52,2.22,1.81,1.48,2.71,0.82,0.49,4.35,4.6,0.66,0.08,0.58,0,0.08,0,0,0.08,0,11.59,1.81,6.24,3.45,2.3,2.79,0,0.16,0.58,0,0.66,0.25,0.08,0.08,5.09,6.33,0.08,0,2.14,0,0,0,1.56,0,0.16,15.37
426,Specter,Senator,23-Mar-99,Senate,Kosovo,1,S.Con.Res. 21,Republican,426,Specter,3,23,99,1,1265,23,28.62,72.33,48.14,7.67,3.32,1.34,1.42,0,0.32,0.24,4.35,11.7,10.59,7.27,2.29,5.14,1.03,3.08,13.28,3.56,1.11,1.98,0.4,0,5.38,0,0,1.19,3.48,1.98,1.5,0.24,0.79,0,14.23,2.92,2.69,1.26,1.03,0.63,0.63,3.24,1.98,1.5,0.63,0.63,0.24,0.16,0,0.08,0.08,0,11.86,1.26,6.48,3.87,2.69,4.19,0.08,0.16,0.08,0,0.32,0,0,0,4.9,4.9,0,0,0,0,0.24,0,0.63,0,0,10.67